,HiggsM,Frequency,DNN_score,DPhi_jj,Eta_jj,M_jj,Njets,OO1,Zepp,finalWeight,is_Passed_yy,lumiXsecWeight
0,104997.5,22086,-1.4586444,2.041673,3.5906813,454709.78,3.3327900027166533,-0.0019701642,0.005420316,0.0057410114,1.0,1.2207584e-09
1,105075.0,22530,-1.442698,2.0419998,3.5912778,454159.03,3.31988459831336,-0.017298102,-0.023551384,0.005727317,1.0,1.2213097e-09
2,105125.0,21945,-1.4709905,2.0388403,3.5803928,449949.8,3.345272271588061,-0.001422257,0.010306999,0.005846867,1.0,1.221466e-09
3,105175.0,21957,-1.4619607,2.031807,3.581577,452854.28,3.3184861319852437,-0.0033525666,-0.0017628212,0.0057552583,1.0,1.2209131e-09
4,105225.0,22062,-1.4580023,2.0335772,3.57582,449561.53,3.313570845798205,-0.0040691956,0.0019026042,0.0057053636,1.0,1.221336e-09
5,105275.0,21642,-1.4632125,2.0452914,3.5730882,453117.62,3.3418353202107016,-0.0002085761,-0.0022798923,0.0057629845,1.0,1.2214726e-09
6,105325.0,22066,-1.4650555,2.0346956,3.586723,451988.72,3.339572192513369,-0.0011811052,-0.009284122,0.005778271,1.0,1.2206467e-09
7,105375.0,21970,-1.4791791,2.035193,3.5860434,452601.84,3.343422849340009,0.0015340816,-0.0081773205,0.0057660122,1.0,1.2222366e-09
8,105425.0,21926,-1.4743459,2.033131,3.583159,451579.78,3.33991608136459,0.00023358692,0.002993014,0.0057437466,1.0,1.2209995e-09
9,105475.0,21971,-1.4532157,2.039242,3.5753922,446814.44,3.3232442765463563,0.0021148042,-0.0076142685,0.0058092196,1.0,1.2208397e-09
10,105525.0,22136,-1.4767588,2.041173,3.586665,455009.28,3.349611492591254,0.005863161,-0.037355307,0.005739608,1.0,1.2210285e-09
11,105575.0,21792,-1.4624468,2.0425463,3.5780764,450645.2,3.337279735682819,0.0005715001,-0.0041305185,0.005791092,1.0,1.2215401e-09
12,105625.0,21764,-1.4643184,2.040428,3.5938864,455345.44,3.3441462966366475,0.005585368,-0.003311031,0.0057547665,1.0,1.2212393e-09
13,105675.0,21764,-1.462787,2.0255032,3.5771525,452755.94,3.343043558169454,0.0014250755,-0.0008166225,0.005850326,1.0,1.2214465e-09
14,105725.0,21783,-1.4920809,2.034848,3.5769026,455814.8,3.342882063994858,-0.0007410726,-0.023409093,0.005790253,1.0,1.2215832e-09
15,105775.0,21525,-1.4858768,2.0397012,3.5725806,446991.44,3.3098257839721255,-0.00026051656,0.0006829808,0.0057294252,1.0,1.2211984e-09
16,105825.0,21632,-1.4785782,2.0337074,3.5790973,451444.03,3.338757396449704,0.0005450761,-0.014102314,0.005811541,1.0,1.2215344e-09
17,105875.0,21654,-1.4597988,2.030876,3.5840626,456053.9,3.319756165142699,-0.003835887,-0.013990964,0.005741135,1.0,1.2208211e-09
18,105925.0,21490,-1.465879,2.0336244,3.6016755,455769.97,3.340856212191717,-0.0010832031,-0.0037471934,0.0057666562,1.0,1.2210828e-09
19,105975.0,21522,-1.456088,2.0434093,3.587707,454969.56,3.3259455440944152,-0.001870082,-0.0011224113,0.005840656,1.0,1.2215245e-09
20,106025.0,21715,-1.4654542,2.0349774,3.5684538,452793.2,3.320976283674879,-0.00041013144,-0.026529739,0.00575163,1.0,1.2212809e-09
21,106075.0,21607,-1.4789047,2.037724,3.5945213,456797.4,3.3391956310454947,0.000747891,-0.019581268,0.0056335493,1.0,1.2209919e-09
22,106125.0,21772,-1.4580365,2.0296996,3.5920343,456150.2,3.351644313797538,0.00011918937,-0.02890163,0.005780952,1.0,1.2213014e-09
23,106175.0,21356,-1.4656565,2.0408635,3.6000228,453499.0,3.33063307735531,0.0010768308,0.0050088405,0.0057853353,1.0,1.2210034e-09
24,106225.0,21344,-1.4630147,2.0347736,3.5876868,453630.12,3.3279141679160418,-0.00129906,0.009794051,0.005796718,1.0,1.2216121e-09
25,106275.0,21589,-1.4787669,2.0264294,3.5933783,458761.06,3.3265088702580017,0.0015909474,0.02733392,0.0057659014,1.0,1.2207251e-09
26,106325.0,21467,-1.493815,2.0353203,3.5765398,453329.72,3.3189546746168537,-0.002417936,-0.007852858,0.0057513635,1.0,1.2215415e-09
27,106375.0,21478,-1.4536027,2.0277975,3.5843217,457084.78,3.3261476860042833,-0.0016618104,-0.013067379,0.0058519635,1.0,1.2217698e-09
28,106425.0,21243,-1.491627,2.0463681,3.5816019,454958.0,3.332815515699289,-0.0006316153,-0.02653472,0.005759448,1.0,1.2214504e-09
29,106475.0,21542,-1.4735259,2.036904,3.5777416,452363.28,3.330702813109275,-0.00062086375,-0.007876794,0.005713305,1.0,1.2221806e-09
30,106525.0,21460,-1.4771273,2.0352192,3.591314,455274.94,3.337232059645853,-0.004486122,-0.010694285,0.0057154275,1.0,1.2206539e-09
31,106575.0,21666,-1.4932759,2.0395088,3.5765781,453597.12,3.3404412443459797,0.004427109,0.013328919,0.0057132696,1.0,1.2216272e-09
32,106625.0,21411,-1.4630644,2.030876,3.58567,453556.6,3.3201158283125496,-0.0019118865,0.007518947,0.00569829,1.0,1.2214242e-09
33,106675.0,21312,-1.485363,2.0449061,3.581385,453318.0,3.3327233483483485,0.000762739,-0.013383849,0.0057875775,1.0,1.2211245e-09
34,106725.0,21436,-1.460906,2.03085,3.584564,454802.8,3.337702929651054,-0.002360371,-0.01913321,0.005796374,1.0,1.2210589e-09
35,106775.0,21510,-1.478559,2.0396743,3.5748386,450495.72,3.326871222687122,-0.0022433423,-0.014371953,0.0057721245,1.0,1.2207053e-09
36,106825.0,21219,-1.4916508,2.0442054,3.5835543,456074.03,3.3535981903011454,0.00015770654,-0.003916023,0.0057539977,1.0,1.2215089e-09
37,106875.0,21078,-1.4772917,2.0341048,3.5870442,450508.6,3.3235601100673686,-0.0051515275,0.0073071993,0.00565491,1.0,1.221352e-09
38,106925.0,21214,-1.4897803,2.030933,3.5812225,451635.84,3.33364759121335,0.0028503917,-0.010340257,0.005774285,1.0,1.2214041e-09
39,106975.0,21284,-1.4514109,2.039357,3.5899796,455894.7,3.3354162751362524,0.0014413369,0.007382502,0.0058106766,1.0,1.2209012e-09
40,107025.0,21255,-1.4919101,2.0485804,3.5657496,453315.72,3.320818630910374,0.0001536886,-0.0038123322,0.0057400633,1.0,1.2211532e-09
41,107075.0,21076,-1.4804031,2.0307984,3.572924,453795.0,3.322879104194344,0.001004834,-0.000261816,0.0057875826,1.0,1.2219016e-09
42,107125.0,21242,-1.4788644,2.0340736,3.5702617,450178.75,3.3287355239619623,-0.0044410457,-0.019097948,0.005894479,1.0,1.2227371e-09
43,107175.0,21165,-1.4726689,2.0389974,3.5803847,456764.8,3.3365934325537445,0.0023832342,-0.020330127,0.005746196,1.0,1.2214723e-09
44,107225.0,20976,-1.4712635,2.0347075,3.6033514,462664.25,3.35912471395881,0.0025702275,-0.018673172,0.0057341014,1.0,1.2214875e-09
45,107275.0,21143,-1.471747,2.0436077,3.5701635,455902.6,3.329376152863832,-0.000253539,0.010007716,0.0058435313,1.0,1.2209386e-09
46,107325.0,20920,-1.492785,2.031615,3.576702,449201.94,3.342495219885277,0.00089617376,-0.01169532,0.0058348207,1.0,1.2218101e-09
47,107375.0,21218,-1.4741931,2.0267427,3.5835679,450709.03,3.3449429729474973,-0.0027286208,0.008490471,0.0057174633,1.0,1.2212708e-09
48,107425.0,20849,-1.4552078,2.0465772,3.5645752,449261.88,3.3271140102642813,0.0018922063,-0.0070376364,0.0058018123,1.0,1.221363e-09
49,107475.0,20778,-1.4959016,2.043683,3.548796,446943.12,3.3332852055058235,0.002443577,-0.0041127694,0.0057208096,1.0,1.2212699e-09
50,107525.0,21013,-1.4864638,2.0332425,3.5803237,453904.06,3.359967639080569,-0.0034495308,-0.0115301525,0.0057117143,1.0,1.2215905e-09
51,107575.0,20924,-1.4861326,2.0403867,3.5689354,450202.22,3.3332536799847063,0.0015747327,0.015279126,0.005796586,1.0,1.2211085e-09
52,107625.0,20771,-1.4742401,2.0401852,3.573076,452642.72,3.3296422897308746,0.0009475777,-0.0133047635,0.005736071,1.0,1.2217046e-09
53,107675.0,20800,-1.4857538,2.0273333,3.5757008,454745.8,3.340673076923077,-0.00064347795,-0.007952789,0.005812658,1.0,1.2215898e-09
54,107725.0,20619,-1.4837493,2.0331032,3.5780303,455406.72,3.3471070371987004,-0.0022337418,-0.0032710636,0.005783005,1.0,1.2209501e-09
55,107775.0,20877,-1.4755898,2.0370047,3.5643191,449651.38,3.3416199645542943,0.0028898767,0.004679526,0.0058184606,1.0,1.2219515e-09
56,107825.0,20751,-1.4872385,2.0358884,3.577718,451496.47,3.3298636210303116,-0.0016408449,-0.018329479,0.005806226,1.0,1.2216579e-09
57,107875.0,20577,-1.4743348,2.029691,3.576295,449755.12,3.3317296010108373,-0.0011719124,0.020161077,0.0058784788,1.0,1.2210525e-09
58,107925.0,20630,-1.4953172,2.0377934,3.5596738,449165.9,3.3290838584585556,0.00041211327,-0.025417805,0.0058638896,1.0,1.2223564e-09
59,107975.0,20640,-1.4761053,2.021764,3.5851908,454944.06,3.328488372093023,-0.0035050155,0.0071880613,0.0056291632,1.0,1.2208573e-09
60,108025.0,20465,-1.4719826,2.034769,3.5712917,454001.06,3.342193989738578,0.00035280533,-0.017050339,0.005881735,1.0,1.2223045e-09
61,108075.0,20769,-1.4786723,2.03375,3.5707877,452361.38,3.334633347777938,0.001998966,-0.0015968109,0.00568584,1.0,1.2218281e-09
62,108125.0,20610,-1.4815679,2.024966,3.5935135,459373.94,3.3560407569141195,-0.00019253207,-0.0008638854,0.005869192,1.0,1.2206393e-09
63,108175.0,20822,-1.4709529,2.0412753,3.5732248,458164.5,3.3410335222360965,-0.0015717833,-0.016036045,0.0058095967,1.0,1.222175e-09
64,108225.0,20570,-1.4780204,2.030987,3.5847986,454185.53,3.3295089936801165,-0.0023240442,0.014691729,0.005826829,1.0,1.2206903e-09
65,108275.0,20878,-1.4901298,2.0353749,3.5822988,455552.53,3.3352811571989656,-0.0012882461,0.0061444137,0.0057623074,1.0,1.2211352e-09
66,108325.0,20401,-1.4773964,2.02855,3.5663238,449346.72,3.3606685946767314,-0.0036539964,-0.007435641,0.00575944,1.0,1.2210848e-09
67,108375.0,20643,-1.489455,2.0277815,3.567387,449985.62,3.3127452405173665,0.0018075892,0.005829417,0.0058847032,1.0,1.2210912e-09
68,108425.0,20623,-1.4692609,2.0326178,3.5837233,455983.22,3.3329292537458177,-0.0021803507,0.008639321,0.0057159546,1.0,1.2222083e-09
69,108475.0,20262,-1.4746634,2.024427,3.579385,453459.66,3.3473990721547726,-0.0037442886,-0.025863944,0.005810758,1.0,1.2212152e-09
70,108525.0,20540,-1.4829203,2.0316,3.5716562,451979.4,3.343330087633885,0.0022519408,-0.012866963,0.0058256094,1.0,1.2208524e-09
71,108575.0,20591,-1.4758514,2.0334074,3.582297,455751.62,3.3367490651255403,0.0035745846,0.018118806,0.0059353486,1.0,1.2211172e-09
72,108625.0,20157,-1.4958487,2.0366719,3.5722594,449126.25,3.351341965570273,0.002856253,-0.023694925,0.0057459148,1.0,1.2216833e-09
73,108675.0,20211,-1.4710951,2.0349748,3.5775375,453087.7,3.333580723368463,0.004603058,-0.016286794,0.0057547167,1.0,1.2204352e-09
74,108725.0,20522,-1.4873027,2.0287452,3.5746706,450700.88,3.342607932950005,0.0029421663,-0.0033534972,0.0057490687,1.0,1.2211628e-09
75,108775.0,20365,-1.4795308,2.0321414,3.5850334,455148.0,3.3463785907193713,0.0039603733,-0.0077004097,0.0058428384,1.0,1.2218518e-09
76,108825.0,20371,-1.5118488,2.0395396,3.5722716,451235.0,3.3199155662461344,0.00050691946,-0.008267306,0.005680762,1.0,1.2213616e-09
77,108875.0,20098,-1.4997605,2.022588,3.5845373,455302.25,3.3569011841974326,0.003485824,0.020140892,0.0059038033,1.0,1.2219672e-09
78,108925.0,20217,-1.4750509,2.0338855,3.5797067,454938.28,3.3359548894494733,0.00042479727,-0.002979293,0.005768615,1.0,1.2217747e-09
79,108975.0,19932,-1.5029988,2.0465727,3.5645378,450363.38,3.335691350592013,0.0005736069,-0.018497137,0.0057775658,1.0,1.2211533e-09
80,109025.0,20162,-1.5025402,2.0263991,3.5928383,455298.72,3.3576530106140265,5.8151843e-05,-0.012931135,0.005689532,1.0,1.2211306e-09
81,109075.0,20315,-1.4807547,2.0369077,3.5754683,453447.8,3.3490031996062024,-0.0008181459,-0.013340879,0.0057712626,1.0,1.2216631e-09
82,109125.0,20256,-1.4744415,2.0344987,3.581039,458534.72,3.3474032385466033,-0.002199118,-0.024742635,0.0058433902,1.0,1.2206031e-09
83,109175.0,20161,-1.4889792,2.0391884,3.5862207,458000.6,3.346361787609742,0.0011432618,0.0036031867,0.0057563353,1.0,1.2219394e-09
84,109225.0,20249,-1.4847077,2.04011,3.578208,455037.06,3.3310780779297744,0.005697749,0.017037475,0.0058588022,1.0,1.2203848e-09
85,109275.0,20119,-1.5009096,2.0320344,3.5872815,455258.3,3.343108504398827,-0.007319436,-0.014066654,0.005761271,1.0,1.2211905e-09
86,109325.0,20288,-1.4705158,2.028219,3.5839088,452978.3,3.350059148264984,0.00024459243,-0.012022527,0.0057574385,1.0,1.2214079e-09
87,109375.0,19809,-1.4792457,2.0316565,3.5865788,456203.88,3.337270937452673,0.002634378,0.001533302,0.0057990276,1.0,1.2218189e-09
88,109425.0,19908,-1.4740313,2.0384195,3.5895216,458425.28,3.3294153104279687,0.0012538075,-0.014540186,0.0058124503,1.0,1.2210979e-09
89,109475.0,20075,-1.4909854,2.022147,3.574322,454178.9,3.3625404732254047,-0.0010124131,-0.02177766,0.005709421,1.0,1.2206823e-09
90,109525.0,19844,-1.4886076,2.035243,3.5738997,455648.88,3.32906672041927,0.010233027,-0.005671781,0.0056700944,1.0,1.2222053e-09
91,109575.0,19879,-1.4883436,2.0305824,3.5739164,455204.84,3.334674782433724,0.001285624,-0.025650147,0.0058166357,1.0,1.2208232e-09
92,109625.0,19791,-1.4938194,2.0253825,3.5772243,456316.78,3.340862007983427,0.003140642,-0.00079402165,0.005741061,1.0,1.2212883e-09
93,109675.0,19988,-1.4742942,2.0230038,3.5798445,449973.88,3.3360016009605764,-0.0022284596,-0.0144455675,0.0057566124,1.0,1.2211427e-09
94,109725.0,19774,-1.4952546,2.0322096,3.574493,456189.5,3.3588550622028928,0.0013972768,0.015531529,0.005776206,1.0,1.2213316e-09
95,109775.0,19617,-1.4816879,2.0283394,3.58624,455774.6,3.3179385227098943,0.00027693293,0.00645797,0.0057407552,1.0,1.2212812e-09
96,109825.0,19494,-1.4761719,2.0195925,3.5810442,455991.56,3.3528265107212474,-0.004389115,-0.02588506,0.0057055717,1.0,1.2214031e-09
97,109875.0,19651,-1.5054868,2.02821,3.5824156,460218.25,3.352195817006768,0.0015416755,-0.014437344,0.0057503716,1.0,1.2205329e-09
98,109925.0,20094,-1.4853867,2.0216699,3.5851953,459756.88,3.333880760425998,0.0041037733,-0.017304443,0.005730645,1.0,1.2213942e-09
99,109975.0,19869,-1.4981173,2.015522,3.5957978,454665.53,3.325985203080175,-0.002618566,-0.00765042,0.0058449786,1.0,1.2201309e-09
100,110025.0,19587,-1.4686004,2.0287354,3.5880942,455948.94,3.3426252105988667,-0.00087145745,-0.002235815,0.00574321,1.0,1.2223081e-09
101,110075.0,19656,-1.4995254,2.03589,3.589721,460166.94,3.353886853886854,-0.0003250739,0.013233812,0.005821344,1.0,1.2211153e-09
102,110125.0,19465,-1.5100129,2.0194025,3.5827622,457283.62,3.349858720780889,0.0011434766,-0.005466129,0.005803159,1.0,1.2214685e-09
103,110175.0,19471,-1.4750247,2.0369143,3.587549,459675.66,3.3411740537209185,-0.0008242664,-0.021152763,0.005798806,1.0,1.2211051e-09
104,110225.0,19699,-1.518179,2.0285132,3.5864613,459927.94,3.3619980709680695,0.0018804608,-0.012372874,0.0058335722,1.0,1.221687e-09
105,110275.0,19552,-1.4885687,2.0278416,3.584326,457437.22,3.3389934533551555,7.963312e-05,0.02147955,0.005865198,1.0,1.2208684e-09
106,110325.0,19463,-1.5023724,2.0267527,3.581473,454399.5,3.3490725992909622,-0.0024315086,0.006728316,0.0057657324,1.0,1.2214443e-09
107,110375.0,19762,-1.4959031,2.0298514,3.5809042,455096.38,3.3424248557838276,-3.4900135e-05,-0.0016043278,0.0058457786,1.0,1.2212072e-09
108,110425.0,19295,-1.5023319,2.0293994,3.5744638,457420.72,3.3426794506348796,0.004489468,-0.0020027712,0.005870874,1.0,1.2214925e-09
109,110475.0,19402,-1.4798704,2.0220323,3.5920653,458614.56,3.3568704257293063,0.003316807,0.0059170024,0.00572039,1.0,1.2212021e-09
110,110525.0,19558,-1.480663,2.019856,3.6019924,460886.8,3.362153594437059,0.0057721636,0.020060282,0.0057364805,1.0,1.2208654e-09
111,110575.0,19331,-1.4836725,2.0289624,3.581728,457939.34,3.3293673374372768,-0.0021129157,-0.009358145,0.005790205,1.0,1.2213834e-09
112,110625.0,19228,-1.5010297,2.0272417,3.5754344,451315.66,3.3313397129186604,-0.0010939628,-0.018444974,0.0057599307,1.0,1.2219359e-09
113,110675.0,19456,-1.4918938,2.0309381,3.5776744,458518.9,3.3524362664473686,0.002266694,-0.0031718186,0.005751582,1.0,1.2212406e-09
114,110725.0,19451,-1.5003735,2.0229082,3.5701284,450672.78,3.3211145956506094,-0.005399587,-0.0071353004,0.005791459,1.0,1.2211621e-09
115,110775.0,19387,-1.5006622,2.037136,3.5656927,454118.3,3.3270232630112964,-0.0014170978,0.00061643176,0.005896234,1.0,1.2212006e-09
116,110825.0,19426,-1.516506,2.0242128,3.5698907,456592.56,3.336456295686194,0.0009155031,0.006568886,0.005696475,1.0,1.2210478e-09
117,110875.0,19093,-1.4971626,2.02287,3.5834205,452111.3,3.345152673754779,-0.002116794,-0.012345695,0.005710273,1.0,1.2217583e-09
118,110925.0,19210,-1.4825064,2.0274897,3.576038,457872.25,3.3355023425299324,0.0016786491,0.019654227,0.005816303,1.0,1.2215131e-09
119,110975.0,19221,-1.4707949,2.0263662,3.568272,458996.7,3.3568492794339524,-0.00031464483,0.021205312,0.005750634,1.0,1.2221543e-09
120,111025.0,19287,-1.4950912,2.0284545,3.5791762,461059.53,3.367708819412039,0.0028731313,0.009186303,0.005851818,1.0,1.2219645e-09
121,111075.0,18979,-1.4867119,2.0220866,3.5767443,452581.72,3.352705622003267,0.0035047394,0.010550709,0.0058121365,1.0,1.2213014e-09
122,111125.0,18859,-1.4959347,2.030829,3.5852332,458029.72,3.3307174293440798,-0.0003199856,-0.023538047,0.005724219,1.0,1.2212509e-09
123,111175.0,18899,-1.5051845,2.016357,3.5642834,450245.38,3.346050055558495,0.0044186376,0.009054077,0.0057656174,1.0,1.220847e-09
124,111225.0,19245,-1.4934647,2.0208223,3.564403,454937.75,3.3435697583787998,0.0014155144,0.021689022,0.0058418866,1.0,1.220877e-09
125,111275.0,18901,-1.4976174,2.0281112,3.5805407,459421.53,3.375906036717634,-0.0025052822,0.0005772262,0.0057735923,1.0,1.22149e-09
126,111325.0,19065,-1.4798971,2.0260475,3.5881896,459000.38,3.3349068974560714,-0.0017688548,-0.012464179,0.0057520065,1.0,1.2195875e-09
127,111375.0,19071,-1.5124242,2.0264835,3.587438,460420.97,3.3624351109013686,-0.00027946167,-0.0097112935,0.005828062,1.0,1.2221061e-09
128,111425.0,19084,-1.4777174,2.021718,3.5882673,461676.44,3.356319429888912,-0.00028240247,-0.036055814,0.0057953903,1.0,1.2214336e-09
129,111475.0,19149,-1.4959359,2.0170903,3.5707102,454678.94,3.341062196459345,-0.003068285,-0.017068794,0.005839207,1.0,1.2216255e-09
130,111525.0,18937,-1.5022002,2.025391,3.5646675,451521.38,3.333685377831758,-0.0013596311,0.020274783,0.005822247,1.0,1.221565e-09
131,111575.0,19057,-1.5218985,2.012516,3.563017,451801.3,3.355564884294485,0.0047928444,-0.0027002438,0.005845078,1.0,1.2220499e-09
132,111625.0,19012,-1.4954199,2.0166547,3.5802305,457048.06,3.3337891857774036,-0.004525539,-0.011004506,0.005779179,1.0,1.2208379e-09
133,111675.0,19144,-1.5090301,2.0172758,3.5923502,455192.94,3.3490910990388634,1.4237425e-05,-0.027510324,0.0057505197,1.0,1.2221133e-09
134,111725.0,18542,-1.4718232,2.0331995,3.5743825,458200.4,3.3365872074209904,0.004436702,-0.007981942,0.0058115795,1.0,1.2206571e-09
135,111775.0,18992,-1.5098044,2.0277617,3.575928,452344.5,3.351042544229149,0.0006800486,-0.00046492176,0.0058193295,1.0,1.2213449e-09
136,111825.0,18869,-1.5102242,2.0253546,3.557366,449858.9,3.332609041284647,0.0012921749,-0.012388473,0.0058177775,1.0,1.221354e-09
137,111875.0,18998,-1.5167484,2.0287378,3.564648,451053.66,3.3337719759974735,-0.00025345728,-0.0020596113,0.0057565058,1.0,1.2213006e-09
138,111925.0,18673,-1.4987696,2.0457885,3.5721006,458004.34,3.3441867937664007,0.0021314502,0.012993366,0.0057731536,1.0,1.2210807e-09
139,111975.0,18889,-1.5106422,2.02425,3.5738864,452922.4,3.3588331833342155,-0.004418386,-0.011147294,0.005794444,1.0,1.221115e-09
140,112025.0,19014,-1.5020847,2.025009,3.5881402,462789.12,3.3607867886820237,-0.0004750218,0.0063437773,0.005711629,1.0,1.2208843e-09
141,112075.0,18697,-1.5112454,2.0316036,3.5669622,451267.72,3.346365727121998,0.001182176,-0.011530047,0.005886351,1.0,1.2210478e-09
142,112125.0,18776,-1.5071807,2.0283422,3.5867388,461364.12,3.3462931401789517,0.00062270596,-0.025469257,0.00586316,1.0,1.2208594e-09
143,112175.0,18621,-1.5148141,2.0292585,3.5807326,457478.5,3.35153858546802,0.0051320256,-0.018110234,0.0056213117,1.0,1.2208254e-09
144,112225.0,18723,-1.5187179,2.0263746,3.5641832,449960.44,3.320141003044384,-0.0003647344,0.011275502,0.0057775797,1.0,1.2211123e-09
145,112275.0,18556,-1.4991233,2.019725,3.5950584,462554.78,3.3614464324207805,0.0013559365,-0.015821496,0.005707748,1.0,1.2210407e-09
146,112325.0,18381,-1.5210487,2.0224507,3.5895982,459861.44,3.3470975463794135,0.00643225,-0.011041936,0.0057482542,1.0,1.2215698e-09
147,112375.0,18600,-1.5056734,2.0184429,3.5871396,456496.8,3.3439784946236557,0.002584824,-0.010891455,0.0058037466,1.0,1.2224226e-09
148,112425.0,18582,-1.5212809,2.0234659,3.5742276,459879.1,3.354698094930578,-0.0022306181,0.002198511,0.0056552477,1.0,1.2220764e-09
149,112475.0,18605,-1.4910206,2.0228512,3.5665164,455844.06,3.337006181134104,0.0032968305,-0.0022377663,0.0057716253,1.0,1.2216802e-09
150,112525.0,18326,-1.5131176,2.0124335,3.5737555,454706.03,3.3819164029248063,-0.0010837049,-0.011672789,0.0058007482,1.0,1.2225317e-09
151,112575.0,18428,-1.495758,2.0124247,3.571004,452420.75,3.346320816149338,-0.0047330656,-0.009781364,0.005844585,1.0,1.2214234e-09
152,112625.0,18272,-1.5112921,2.025359,3.5699987,453675.0,3.3513025394045535,0.0047001974,0.017068192,0.005755321,1.0,1.2209936e-09
153,112675.0,18423,-1.4898765,2.0165899,3.5774164,458121.25,3.366009878955653,-0.0007572232,-0.0011215215,0.0058556977,1.0,1.2197162e-09
154,112725.0,18268,-1.508999,2.0096207,3.5721216,453471.4,3.3492993212174293,-0.0033394133,0.008713705,0.005824251,1.0,1.2215772e-09
155,112775.0,18386,-1.5174726,2.019018,3.5742493,453381.3,3.35472642227782,0.0053544906,-0.04011085,0.005751455,1.0,1.220917e-09
156,112825.0,18378,-1.5097839,2.0260785,3.5600994,456660.12,3.3536293394275765,-0.0028854331,-0.038979813,0.0057892143,1.0,1.2210508e-09
157,112875.0,18275,-1.4905163,2.023079,3.5781221,458049.0,3.3221887824897403,-0.002337794,0.015598986,0.005818286,1.0,1.2209236e-09
158,112925.0,18305,-1.5082453,2.0103016,3.5735366,454070.56,3.3404534280251297,0.0001601247,-0.0146846315,0.0057507874,1.0,1.2218453e-09
159,112975.0,18231,-1.4775747,2.0300872,3.5746005,458378.9,3.353299325324996,-0.0033324629,-0.0066088573,0.005727287,1.0,1.221517e-09
160,113025.0,18371,-1.495959,2.0165539,3.5796108,457535.44,3.373251320015241,0.0059645274,-0.016504021,0.005828379,1.0,1.222388e-09
161,113075.0,18208,-1.5061688,2.0360548,3.5643747,456231.1,3.3412236379613356,0.00060070085,0.015927082,0.0059007737,1.0,1.2212412e-09
162,113125.0,18389,-1.5040891,1.9976903,3.5911193,455602.28,3.3518407743759857,-0.0033885515,-0.012101682,0.0057826554,1.0,1.2219843e-09
163,113175.0,18237,-1.5129204,2.0135274,3.5839694,455603.8,3.3542249273455065,0.0028591529,-0.020221908,0.0057902024,1.0,1.2203288e-09
164,113225.0,18186,-1.5095754,2.0317502,3.577441,457122.28,3.3435059936214673,-0.0038284436,0.0018970009,0.005940328,1.0,1.2215018e-09
165,113275.0,18088,-1.5121119,2.0190947,3.5725965,458341.1,3.3670389208314906,-0.0006389269,-0.027610734,0.0058826148,1.0,1.221043e-09
166,113325.0,18025,-1.5003148,2.0238416,3.5678332,451823.9,3.338640776699029,-0.00049445016,-0.017730663,0.005807323,1.0,1.2213349e-09
167,113375.0,17918,-1.5027441,2.0235794,3.5911548,464157.03,3.3665587677196114,-0.0048252316,-0.04357765,0.005760902,1.0,1.2212572e-09
168,113425.0,17941,-1.5033766,2.023854,3.5777273,457285.0,3.3451870018393626,0.003751868,0.005403006,0.0058109765,1.0,1.2217362e-09
169,113475.0,18251,-1.517538,2.025987,3.5780344,462435.0,3.3545559147443975,8.70277e-05,0.018948846,0.0057023955,1.0,1.2206899e-09
170,113525.0,18039,-1.5038214,2.0355177,3.5599332,456224.7,3.355562946948279,0.00013514982,0.0136596495,0.00577714,1.0,1.2215788e-09
171,113575.0,18033,-1.527571,2.0257149,3.5722568,452784.88,3.3619475406199744,-0.0023169583,-0.013059697,0.005619707,1.0,1.2209687e-09
172,113625.0,18118,-1.5114763,2.0152223,3.573194,454054.97,3.3514736725907937,0.002951897,-0.017988386,0.0058156354,1.0,1.2215964e-09
173,113675.0,17691,-1.5056341,2.0204604,3.5850816,461677.28,3.3749364083432254,-0.0012952487,-0.0046461355,0.005763036,1.0,1.2224469e-09
174,113725.0,17881,-1.5101216,2.017242,3.5721576,453109.9,3.3429897656730607,0.0011563763,-0.042037584,0.0058012274,1.0,1.2214542e-09
175,113775.0,17935,-1.5136051,2.014712,3.5685146,457116.16,3.348647895177028,-0.0039216494,-0.01897343,0.0057261675,1.0,1.2219089e-09
176,113825.0,17840,-1.5268223,2.0253973,3.578844,457962.88,3.3444506726457397,0.0011571118,-0.005644114,0.005709734,1.0,1.2210547e-09
177,113875.0,17970,-1.5067179,2.014653,3.5618708,456004.6,3.3381190873678355,0.0044924314,-0.016368814,0.0058245836,1.0,1.2214733e-09
178,113925.0,17677,-1.525014,2.0159502,3.5685737,454892.06,3.3667477513152684,0.003508048,0.02515836,0.0058229887,1.0,1.2222939e-09
179,113975.0,17657,-1.5243003,2.017856,3.573902,457000.25,3.366936625700855,-0.0005631575,0.009677542,0.005833127,1.0,1.2221654e-09
180,114025.0,17848,-1.4938469,2.0295763,3.5746922,456173.66,3.344296279695204,-0.0024868543,-0.0040647197,0.005847419,1.0,1.2213556e-09
181,114075.0,17683,-1.5230739,2.0233634,3.5730255,451147.03,3.3550868065373525,-0.0040963865,-0.017629225,0.005729783,1.0,1.2217962e-09
182,114125.0,17686,-1.5208071,2.0271668,3.5755274,459332.6,3.348354630781409,-0.00026657124,-0.0039633526,0.0057857716,1.0,1.2223286e-09
183,114175.0,17922,-1.5133927,2.0232317,3.5813708,459358.97,3.3291485325298518,0.0017212444,-0.019155303,0.0058353506,1.0,1.2207287e-09
184,114225.0,17633,-1.5178088,2.0163348,3.5725822,458277.78,3.361424601599274,0.006059576,-0.027533403,0.0058287065,1.0,1.2214275e-09
185,114275.0,17731,-1.5188292,2.007898,3.563515,453094.22,3.3880209802041623,-0.0009207646,-0.0051131207,0.0057554515,1.0,1.2213364e-09
186,114325.0,17816,-1.5104123,2.016621,3.5776305,459078.66,3.35569151324652,0.0016685269,0.026831973,0.0057002306,1.0,1.2214161e-09
187,114375.0,17623,-1.50016,2.0192473,3.5860143,464995.56,3.3605515519491576,0.0016528657,0.0105812615,0.005923178,1.0,1.2210055e-09
188,114425.0,17383,-1.5108762,2.016928,3.5749366,459619.22,3.3660472875798195,-0.0014171534,0.0050344737,0.0058171614,1.0,1.2205713e-09
189,114475.0,17749,-1.5305989,2.0144603,3.562969,456022.62,3.35393543298214,0.0024452289,0.002238374,0.0057379287,1.0,1.2206998e-09
190,114525.0,17603,-1.5222623,2.0204957,3.5763657,457653.25,3.3537465204794636,0.0023208119,0.0023377016,0.0056730392,1.0,1.221958e-09
191,114575.0,17603,-1.5236517,2.0227535,3.5623994,453529.5,3.331591206044424,0.0018869238,-0.018415505,0.005760098,1.0,1.2213199e-09
192,114625.0,17772,-1.5224204,2.0173702,3.5883071,456619.97,3.3477380148548277,-0.001625017,-0.019176941,0.005890709,1.0,1.2212671e-09
193,114675.0,17486,-1.5155232,2.0201168,3.5642834,459344.47,3.345076060848679,0.0028096684,-0.002036854,0.005863751,1.0,1.2213915e-09
194,114725.0,17317,-1.517915,2.0172474,3.576956,456405.22,3.3599353236703817,0.002715766,0.022117779,0.0057460256,1.0,1.2216927e-09
195,114775.0,17315,-1.5142229,2.022914,3.5637121,453080.25,3.3414958128790064,0.0070626237,-0.017964512,0.0058488166,1.0,1.2212252e-09
196,114825.0,17486,-1.5182074,2.0152361,3.5588746,455568.4,3.370982500285943,0.00218738,0.01556756,0.0058492958,1.0,1.222109e-09
197,114875.0,17502,-1.5140058,2.0198252,3.5791845,456064.9,3.356530682207748,0.00015114808,-0.0143193435,0.005774324,1.0,1.2212039e-09
198,114925.0,17448,-1.5206342,2.0122418,3.5730295,459787.6,3.3630788629069235,-0.0017349174,-0.017663067,0.005798877,1.0,1.2215392e-09
199,114975.0,17557,-1.5142771,2.0134323,3.5709708,458273.78,3.3641282679273226,0.0019632566,0.02501743,0.005833851,1.0,1.2222908e-09
600,135025.0,10873,-1.6179205,2.0013323,3.5518658,463543.0,3.3796560286949324,0.0025428722,-0.0024532655,0.005727265,1.0,1.2214459e-09
601,135075.0,10647,-1.5793288,1.997493,3.559562,474012.3,3.394759087066779,0.009015702,0.06373291,0.005985661,1.0,1.2207328e-09
602,135125.0,10709,-1.6048893,1.982088,3.5670958,470302.72,3.3969558315435613,-0.0038835676,0.0053376188,0.0059378287,1.0,1.2213949e-09
603,135175.0,10898,-1.6197063,1.9872128,3.5384045,468510.5,3.405487245366122,0.001960324,-0.01913788,0.0059076464,1.0,1.222296e-09
604,135225.0,10788,-1.6109868,1.9903343,3.5565596,469396.22,3.385613644790508,0.0024943117,-0.00514227,0.0058384016,1.0,1.2225997e-09
605,135275.0,10618,-1.6159457,1.9893917,3.5566704,469613.94,3.419382181201733,0.0023262987,0.029081186,0.005721072,1.0,1.2219588e-09
606,135325.0,10630,-1.6128104,1.9930192,3.570916,468544.34,3.4214487300094074,-0.00027054353,-0.04045726,0.005668561,1.0,1.2227482e-09
607,135375.0,10792,-1.6285245,1.9974856,3.555993,471541.38,3.4062268346923648,0.0011442176,-0.053059645,0.0058888486,1.0,1.2213341e-09
608,135425.0,10580,-1.5893697,1.9933946,3.5972354,485122.9,3.383742911153119,-0.005579835,-0.007845292,0.0058209016,1.0,1.2209682e-09
609,135475.0,10749,-1.6147927,1.9871289,3.5641117,471886.9,3.4076658293794773,-0.0024808599,-0.01774961,0.005892406,1.0,1.2204477e-09
610,135525.0,10495,-1.6392317,1.9966669,3.5578728,471765.0,3.4092424964268697,-0.0057018176,0.040106483,0.0057362793,1.0,1.2216034e-09
611,135575.0,10774,-1.6426275,1.9869161,3.5591202,470522.8,3.3889920178206796,0.004225686,0.014718221,0.0058482266,1.0,1.2227139e-09
612,135625.0,10633,-1.6103948,1.9876907,3.5512738,471247.88,3.423116712122637,-0.007250688,0.009163692,0.0057140593,1.0,1.22218e-09
613,135675.0,10438,-1.6142881,1.9904232,3.5745027,474280.78,3.3925081433224755,-0.0021397392,-0.016977282,0.0058519873,1.0,1.2213031e-09
614,135725.0,10698,-1.6131095,1.9880067,3.5740976,477599.66,3.4148438960553373,-0.009547969,-0.007186743,0.0058675474,1.0,1.221354e-09
615,135775.0,10696,-1.6094579,1.9984785,3.5427928,470043.72,3.3964098728496634,-0.0020802056,-0.00858254,0.005924008,1.0,1.2214403e-09
616,135825.0,10258,-1.615091,2.0035834,3.558076,472599.3,3.387307467342562,0.0023707785,-0.007367259,0.0058481637,1.0,1.2216594e-09
617,135875.0,10522,-1.6251132,1.9972403,3.5567844,469629.94,3.427675346892226,-0.0034304105,-0.02429156,0.00580622,1.0,1.2224425e-09
618,135925.0,10504,-1.5986115,1.9772484,3.5664227,467945.72,3.4253617669459255,0.004753105,0.013721879,0.0057193586,1.0,1.2214868e-09
619,135975.0,10601,-1.6027416,1.9753922,3.5536406,470229.12,3.417885105178757,-0.0024973464,-0.031343475,0.0057226224,1.0,1.2221062e-09
620,136025.0,10671,-1.5923344,1.9812915,3.564658,472610.53,3.401555618030175,-0.008799141,-0.005329037,0.0057742246,1.0,1.22237e-09
621,136075.0,10599,-1.5888252,1.9839702,3.5638356,471386.78,3.393150297197849,0.009389679,-0.02038416,0.005849074,1.0,1.220569e-09
622,136125.0,10500,-1.6059783,1.9871657,3.5850527,479816.22,3.4243809523809525,-0.009265724,0.031917807,0.005881903,1.0,1.2225801e-09
623,136175.0,10587,-1.6112099,1.982827,3.5827198,476004.72,3.430150184188155,-0.004393801,-0.0048813876,0.005743718,1.0,1.2207853e-09
624,136225.0,10502,-1.6044267,1.9827235,3.5637126,477191.3,3.4012569034469626,0.0079962,-0.0029036272,0.0059380406,1.0,1.2232141e-09
625,136275.0,10375,-1.6033603,1.9901764,3.575608,477742.34,3.4164819277108434,-0.0012175308,0.0014119712,0.005738312,1.0,1.2222342e-09
626,136325.0,10367,-1.6280727,1.9846367,3.578843,474818.53,3.382367126458956,0.004165862,0.012536094,0.005919057,1.0,1.2218081e-09
627,136375.0,10620,-1.5918498,1.9789579,3.5590627,469696.78,3.4059322033898307,-0.002297191,-0.047184512,0.0058564036,1.0,1.2200885e-09
628,136425.0,10359,-1.6154824,1.9810396,3.5578308,469951.7,3.4017762332271455,0.006526599,-0.0035091941,0.005937335,1.0,1.2213457e-09
629,136475.0,10313,-1.6098886,1.9924201,3.5579832,466473.0,3.3994957820226896,-9.181567e-05,-0.028809514,0.0058016656,1.0,1.2205262e-09
630,136525.0,10391,-1.6042278,1.9835756,3.5555882,477308.16,3.4139158887498797,-0.000904201,-0.019901592,0.005945559,1.0,1.2218457e-09
631,136575.0,10173,-1.6193016,1.987934,3.5657353,476309.06,3.4196402241226775,-0.0066092387,0.0020004874,0.00600812,1.0,1.2209384e-09
632,136625.0,10357,-1.6425629,1.9963475,3.5551145,469584.22,3.419040262624312,-0.0033149428,-0.002803884,0.00581377,1.0,1.2208332e-09
633,136675.0,10388,-1.6312907,1.9805521,3.566172,476455.97,3.3982479784366575,0.00354823,0.001269752,0.0056673298,1.0,1.2208842e-09
634,136725.0,10348,-1.590068,1.99126,3.565988,474814.34,3.4248163896405104,0.0038014874,0.035740588,0.0059250803,1.0,1.2221116e-09
635,136775.0,10288,-1.6112442,1.9938833,3.5596972,470481.72,3.400174961119751,0.007576964,-0.016925769,0.00589207,1.0,1.2219505e-09
636,136825.0,10082,-1.619488,1.9658085,3.5583494,469465.34,3.424419757984527,-0.002295194,0.013602959,0.0060910205,1.0,1.2216338e-09
637,136875.0,10354,-1.6192604,1.9843011,3.5650308,468805.97,3.41993432489859,0.00042403626,-0.019068617,0.005883037,1.0,1.2220653e-09
638,136925.0,10253,-1.603902,1.9841479,3.5749564,473347.3,3.3866185506680972,0.0005552273,-0.030757712,0.0057606935,1.0,1.2223506e-09
639,136975.0,10337,-1.6326183,1.9777869,3.570344,470893.53,3.402921543968269,-0.0027178663,-0.018038863,0.0058913054,1.0,1.2222525e-09
640,137025.0,10446,-1.6291772,1.9784814,3.5494425,466433.8,3.369519433275895,-0.0019067508,-0.00974362,0.00605289,1.0,1.2210007e-09
641,137075.0,10234,-1.6155882,1.9855527,3.572934,474556.97,3.4128395544264216,0.0037092331,0.014684815,0.005882627,1.0,1.2213325e-09
642,137125.0,10147,-1.6219524,1.9864174,3.56517,472021.0,3.3997240563713413,0.0034698478,-0.016419938,0.0058399825,1.0,1.2211583e-09
643,137175.0,10148,-1.6177485,1.9968998,3.5839937,473924.25,3.4121994481671267,-0.0015166833,0.004963311,0.0057620867,1.0,1.2221045e-09
644,137225.0,10268,-1.6208912,1.9999163,3.5576396,472130.53,3.3947214647448383,0.002433137,-0.010695723,0.0058487314,1.0,1.221038e-09
645,137275.0,10071,-1.6355298,1.9798703,3.5500717,470563.84,3.421010823155595,0.0087827295,0.00032407016,0.0057494673,1.0,1.2215052e-09
646,137325.0,10277,-1.5930382,1.9797537,3.577919,481478.47,3.387953682981415,-0.0011503726,-0.008601537,0.0057960846,1.0,1.221797e-09
647,137375.0,10210,-1.6287668,1.9892651,3.5671978,478598.84,3.3915768854064643,-0.0027287744,-0.004893814,0.0057527544,1.0,1.2208152e-09
648,137425.0,10056,-1.6098334,1.9816608,3.5500107,475865.97,3.3974741447891805,-0.0047352007,0.021307757,0.005894883,1.0,1.2211401e-09
649,137475.0,10178,-1.658575,1.9687399,3.566405,469207.6,3.409215955983494,-0.002201853,0.010585268,0.005869044,1.0,1.2227478e-09
650,137525.0,10096,-1.624735,1.9757127,3.5614936,469924.1,3.3992670364500794,-0.0037222442,0.016325885,0.005834382,1.0,1.2222887e-09
651,137575.0,10085,-1.6104438,1.9895513,3.5734475,479228.7,3.4152702032721862,-0.005661679,-0.021037158,0.005929336,1.0,1.2215066e-09
652,137625.0,10141,-1.6345655,1.9701469,3.555788,462510.1,3.406370180455576,0.0022960014,0.029098898,0.00594728,1.0,1.221318e-09
653,137675.0,10035,-1.6173388,1.9949785,3.575909,477302.4,3.3913303437967115,-0.00036348312,-0.031412058,0.0058962903,1.0,1.2208861e-09
654,137725.0,10297,-1.593749,1.9831499,3.5423143,476412.16,3.404098281052734,0.00075517717,0.018957669,0.0058968044,1.0,1.221465e-09
655,137775.0,10173,-1.6214701,1.9724568,3.584564,474592.9,3.4152167502211737,-0.0055273683,-0.0068101897,0.005855636,1.0,1.2217726e-09
656,137825.0,10109,-1.6156043,2.0136266,3.5581467,472912.1,3.3927193589870415,-0.00027498056,-0.0006509041,0.0059356345,1.0,1.221023e-09
657,137875.0,10123,-1.6305349,1.9809494,3.5813282,469929.62,3.3839770818927195,-0.0004417586,0.019320436,0.0059137517,1.0,1.2215757e-09
658,137925.0,9968,-1.6289299,1.9804821,3.5697238,471276.9,3.409008828250401,-0.01016883,0.004843331,0.005717471,1.0,1.2222843e-09
659,137975.0,10177,-1.6121409,1.9903772,3.5599897,471455.0,3.3824309717991548,0.0016330985,0.0058220765,0.0058040214,1.0,1.2215386e-09
660,138025.0,10028,-1.6150306,1.9747759,3.5778337,475988.72,3.416533705624252,0.003436711,0.03667813,0.0056833536,1.0,1.2206867e-09
661,138075.0,9967,-1.6194795,1.997316,3.5547879,473574.4,3.3887829838466943,0.0031543295,0.014998128,0.005758822,1.0,1.2221189e-09
662,138125.0,9936,-1.6136107,1.9740336,3.5654964,474885.94,3.3978462157809983,-0.0015788273,0.00694018,0.005685293,1.0,1.2208112e-09
663,138175.0,9768,-1.6069084,1.9793622,3.5792692,480827.03,3.3875921375921374,0.0087036025,-0.012138616,0.005821464,1.0,1.2202325e-09
664,138225.0,9756,-1.611485,1.9846985,3.5616996,476647.5,3.4207667076670765,-0.008610981,0.02895089,0.005837171,1.0,1.2207231e-09
665,138275.0,9989,-1.6370201,2.0001788,3.5592375,468931.25,3.4040444488937833,-0.0012166295,0.03080102,0.0060055684,1.0,1.2216096e-09
666,138325.0,9927,-1.6282141,1.9799433,3.564907,471429.72,3.3934723481414326,-0.0029103882,-0.0082013905,0.005861137,1.0,1.2213964e-09
667,138375.0,9777,-1.6304842,1.9879792,3.5387723,466179.0,3.402884320343664,0.008618325,-0.035763387,0.0059338654,1.0,1.2214376e-09
668,138425.0,9901,-1.6135792,1.9638292,3.5792253,477549.03,3.395212604787395,-0.0037596182,0.0035127401,0.0056941183,1.0,1.2214451e-09
669,138475.0,10041,-1.6507167,1.9748665,3.5594068,469206.53,3.420077681505826,-0.004355517,0.05439166,0.0056969975,1.0,1.22088e-09
670,138525.0,9822,-1.6055521,1.9613414,3.5600872,463583.7,3.3746691101608635,0.0014914391,0.024660548,0.005806015,1.0,1.2220671e-09
671,138575.0,10010,-1.6049083,1.987419,3.5729103,476283.62,3.4174825174825174,-0.0040231147,-0.037914313,0.0058704955,1.0,1.2221091e-09
672,138625.0,9778,-1.6259854,1.9828036,3.5779927,474626.25,3.413990591122929,-0.00048295103,-0.01684751,0.0058733933,1.0,1.222319e-09
673,138675.0,9799,-1.6318523,1.9815373,3.5807624,472053.34,3.4166751709358096,-0.00052115903,-0.028895749,0.0058435374,1.0,1.221899e-09
674,138725.0,9833,-1.6249497,1.9798981,3.554812,472522.78,3.411369876944981,0.0033631811,-0.004944295,0.005783903,1.0,1.2208475e-09
675,138775.0,10002,-1.6278751,1.9847089,3.6056297,481824.97,3.41001799640072,-0.0040210932,0.015077842,0.0058567612,1.0,1.2217657e-09
676,138825.0,9826,-1.591307,1.9792726,3.5844603,482917.56,3.387848565031549,-0.0030159098,0.021973716,0.0058572004,1.0,1.2210696e-09
677,138875.0,9891,-1.6102436,1.9787018,3.5684805,481630.6,3.3968253968253967,-0.0018309816,-0.032534603,0.0057472885,1.0,1.220457e-09
678,138925.0,9834,-1.6243552,1.9872501,3.5519562,466644.38,3.4002440512507626,-0.0048069614,0.013826463,0.0058485363,1.0,1.2215114e-09
679,138975.0,9792,-1.673948,1.9814084,3.560296,474620.75,3.4054330065359477,-0.0014349434,0.04629062,0.005779519,1.0,1.2215154e-09
680,139025.0,9789,-1.6341465,1.9746846,3.5619333,469664.16,3.410562876698335,-0.00023527893,-0.007033491,0.0057152463,1.0,1.2234557e-09
681,139075.0,9789,-1.6570473,1.9817373,3.5511816,465189.94,3.364082133006436,0.0015373991,-0.009458135,0.005912312,1.0,1.2208173e-09
682,139125.0,9890,-1.6454227,1.9808717,3.574107,478609.47,3.450252780586451,0.0045024795,-0.0121282,0.005904768,1.0,1.2213014e-09
683,139175.0,9724,-1.6473384,1.9798808,3.5517735,471939.1,3.3991155902920607,-0.006542914,-0.034020964,0.0059221173,1.0,1.2205619e-09
684,139225.0,9704,-1.6551446,1.982364,3.5509346,467807.9,3.3797403132728774,-0.0021771016,0.00057268975,0.006046468,1.0,1.2215875e-09
685,139275.0,9859,-1.6399769,1.9819411,3.5638828,471157.88,3.4215437671163405,0.00566081,-0.032579582,0.005915134,1.0,1.2218396e-09
686,139325.0,9888,-1.6228076,1.9780755,3.5813546,484237.72,3.425364077669903,0.0056933737,0.012622285,0.0059033353,1.0,1.2215647e-09
687,139375.0,9795,-1.6528325,1.9736483,3.5522254,474006.72,3.405410923940786,0.0063381433,-0.033989098,0.0058548874,1.0,1.2219287e-09
688,139425.0,9780,-1.5992402,1.9825789,3.5702426,467415.53,3.402760736196319,4.327867e-06,0.0112935165,0.0061109844,1.0,1.2212478e-09
689,139475.0,9716,-1.6452836,1.983513,3.5650752,476426.97,3.44411280362289,0.0003278689,-0.005564691,0.005815344,1.0,1.2204097e-09
690,139525.0,9700,-1.6136597,1.9906105,3.5588539,472611.4,3.4118556701030927,0.002936969,0.019439248,0.005990763,1.0,1.2214567e-09
691,139575.0,9741,-1.6542441,1.9944608,3.5751154,478332.47,3.43352838517606,-0.006285214,0.027564567,0.005756439,1.0,1.2220367e-09
692,139625.0,9681,-1.6157458,1.969174,3.5411801,472680.5,3.3958268773886995,0.0015902967,0.017882667,0.0058797975,1.0,1.2224409e-09
693,139675.0,9507,-1.6555858,1.9856689,3.5754037,474562.06,3.4069632902072158,0.0020350239,-0.004706259,0.0059395423,1.0,1.222042e-09
694,139725.0,9677,-1.6305151,1.9798601,3.589174,482772.34,3.4430091970652064,-0.00590422,0.020988647,0.0058491053,1.0,1.2205311e-09
695,139775.0,9745,-1.6447922,1.979287,3.5613687,468450.94,3.4326321190354028,0.0007922656,0.050383825,0.00584677,1.0,1.2213843e-09
696,139825.0,9605,-1.6181995,1.9733633,3.5706375,480522.75,3.4245705361790733,0.0031524862,0.007516277,0.0058183656,1.0,1.2226911e-09
697,139875.0,9451,-1.619691,1.9807467,3.5546136,470671.2,3.3968892180721615,0.016122809,-0.0014027464,0.0058381185,1.0,1.2214018e-09
698,139925.0,9548,-1.6187005,1.9934481,3.5470898,468320.03,3.4097193129451195,0.005591149,-0.022342661,0.0060189893,1.0,1.2217124e-09
699,139975.0,9645,-1.6297328,1.9809537,3.5573776,479885.1,3.4136858475894245,-0.008142563,0.0020377631,0.0057851574,1.0,1.2214474e-09
700,140025.0,9479,-1.629284,1.9685452,3.5520394,468196.06,3.413756725392974,-0.0029063404,0.0041139596,0.005684836,1.0,1.2211974e-09
701,140075.0,9616,-1.6426485,1.9856681,3.5861077,476330.8,3.4216930116472546,0.0060019214,0.013807284,0.0057862587,1.0,1.2217076e-09
702,140125.0,9543,-1.651202,1.9860466,3.547949,470957.3,3.4059520067064866,-0.0042732805,0.0052964357,0.0058117253,1.0,1.2215227e-09
703,140175.0,9632,-1.6161282,1.9787933,3.5716414,479511.88,3.389327242524917,-0.00070730963,0.014858411,0.0056367093,1.0,1.2212511e-09
704,140225.0,9613,-1.629209,1.9779607,3.5664697,478385.16,3.386871944242172,-0.0059080436,-0.0018639503,0.0056598284,1.0,1.220839e-09
705,140275.0,9583,-1.6537173,1.9982077,3.5353963,463052.94,3.3825524366064905,0.0015256166,-0.03407684,0.0058933836,1.0,1.2211742e-09
706,140325.0,9445,-1.6554903,1.9940854,3.5513752,469778.7,3.404340921122287,0.0016111197,-0.009378582,0.005702234,1.0,1.2213563e-09
707,140375.0,9556,-1.6601199,1.966243,3.5670743,475371.1,3.4029928840519044,-0.004397723,-0.027584668,0.0058206483,1.0,1.2219135e-09
708,140425.0,9547,-1.5858096,1.9695659,3.5664313,476676.06,3.386823085786111,0.006458782,-0.011247759,0.005900629,1.0,1.2218617e-09
709,140475.0,9422,-1.6347048,1.9890918,3.561862,472581.38,3.4105285502016556,0.005145379,-0.027570857,0.005973499,1.0,1.2218107e-09
710,140525.0,9464,-1.6226542,1.984559,3.5500648,473745.38,3.418639053254438,0.00067219295,0.027888287,0.005807812,1.0,1.2233471e-09
711,140575.0,9397,-1.6497408,1.9772007,3.5586972,483320.1,3.415770990741726,0.0001502549,0.023744501,0.0060203825,1.0,1.221009e-09
712,140625.0,9317,-1.6368428,1.9659437,3.5400138,468430.16,3.4283567671997424,0.0024554657,-0.001742059,0.0058965995,1.0,1.2222847e-09
713,140675.0,9392,-1.6288415,1.9950901,3.540373,470014.53,3.418654173764906,-0.00021884197,0.015758842,0.005899846,1.0,1.2220555e-09
714,140725.0,9532,-1.6506956,1.9932249,3.5390546,467535.72,3.4307595467897607,-0.0040318705,0.034832913,0.005959282,1.0,1.2219845e-09
715,140775.0,9311,-1.6467843,1.9701127,3.5520895,475786.78,3.407689829234239,0.013810376,-0.01652398,0.0057100533,1.0,1.2213279e-09
716,140825.0,9282,-1.6190569,1.9817538,3.565073,468815.5,3.418767507002801,0.0050301384,0.00424847,0.0059826393,1.0,1.2223259e-09
717,140875.0,9385,-1.6364137,1.9901605,3.5542655,475986.12,3.398614810868407,0.004106934,-0.0022119796,0.0058803665,1.0,1.2218345e-09
718,140925.0,9323,-1.6717863,1.9816668,3.5593925,479604.47,3.4393435589402555,0.0016344588,-0.0022892936,0.005849001,1.0,1.2218201e-09
719,140975.0,9252,-1.6225599,1.9654706,3.5385635,471223.5,3.4339602248162557,0.0054963343,0.0029223836,0.0058805468,1.0,1.2215879e-09
720,141025.0,9251,-1.6450629,1.98812,3.532103,469048.28,3.4123878499621663,-0.006556292,0.04428488,0.005887143,1.0,1.2211658e-09
721,141075.0,9405,-1.6166897,1.98021,3.589247,483989.8,3.4314726209463053,0.0041307868,0.0033372657,0.0059680347,1.0,1.2216846e-09
722,141125.0,9326,-1.6443918,1.9815569,3.5650086,473737.9,3.4179712631353207,-0.00067209365,-0.06473976,0.0060912585,1.0,1.2218054e-09
723,141175.0,9282,-1.608587,1.9782562,3.5559576,477496.94,3.421137685843568,-0.004986666,-0.045131803,0.0059031746,1.0,1.2200558e-09
724,141225.0,9302,-1.6523448,1.9881709,3.5453856,466714.62,3.422059772092023,-0.0059999404,0.013681436,0.0058652987,1.0,1.2217458e-09
725,141275.0,9299,-1.6299782,2.0169513,3.5700324,479385.22,3.41327024411227,-0.009986255,-0.010949257,0.005963662,1.0,1.2215928e-09
726,141325.0,9310,-1.6254317,1.9995514,3.576244,475696.4,3.3988184747583245,-0.0054969084,0.011398018,0.0058623343,1.0,1.2222735e-09
727,141375.0,9416,-1.6591326,1.9791057,3.5383387,474079.38,3.3937977909940527,0.0005812542,0.03255571,0.0058696084,1.0,1.2227276e-09
728,141425.0,9362,-1.644343,1.9773124,3.5652614,472151.94,3.3957487716299934,-0.008883681,-0.003556845,0.005944216,1.0,1.2212771e-09
729,141475.0,9222,-1.6327211,1.9782735,3.5540745,471282.5,3.425287356321839,-0.0005285763,-0.026470367,0.0058563435,1.0,1.220174e-09
730,141525.0,9372,-1.6343412,1.9835652,3.556989,471716.66,3.3921254801536493,-0.0026880354,-0.006822819,0.0055929795,1.0,1.2218258e-09
731,141575.0,9169,-1.6525382,1.9720588,3.5546374,473218.44,3.4254553386410733,-0.0025170215,-0.08317805,0.005798422,1.0,1.2218176e-09
732,141625.0,9330,-1.6386665,1.9690723,3.5675077,468670.44,3.417577706323687,-0.0021445903,-0.011366074,0.00593054,1.0,1.2216427e-09
733,141675.0,9145,-1.6535308,1.9695078,3.5828705,477445.97,3.42449425915801,-0.00028682247,0.018537806,0.0058464357,1.0,1.2216135e-09
734,141725.0,9179,-1.6374478,1.9730095,3.547588,469143.1,3.419435668373461,-0.00087791064,-0.0068987776,0.0059375693,1.0,1.2207203e-09
735,141775.0,9161,-1.6400396,1.9862936,3.5511248,474711.34,3.410326383582578,-0.00017221077,-0.0012289258,0.0058439984,1.0,1.2223106e-09
736,141825.0,9104,-1.6096145,1.9795649,3.5698884,474475.53,3.4243189806678385,0.007742838,-0.021523783,0.0060304245,1.0,1.221741e-09
737,141875.0,9160,-1.6294451,1.9879222,3.564314,477317.25,3.418995633187773,0.0053239865,-0.016641354,0.005814839,1.0,1.2213965e-09
738,141925.0,9209,-1.667192,1.9781389,3.5219955,459349.44,3.417417743511782,-0.0020707005,0.0017855973,0.005933502,1.0,1.2214626e-09
739,141975.0,9037,-1.6390676,1.9918797,3.5345843,473995.5,3.442182140090738,-0.0034330997,0.034175843,0.005971112,1.0,1.2213164e-09
740,142025.0,9034,-1.6631821,1.976046,3.555499,474768.53,3.417312375470445,-0.000345208,-0.030217439,0.005832653,1.0,1.2220845e-09
741,142075.0,9145,-1.6289144,1.9787045,3.5588324,476680.97,3.3804264625478404,-0.0017221153,0.033009373,0.0059007783,1.0,1.2219048e-09
742,142125.0,9164,-1.6227002,1.9610997,3.5532122,474959.28,3.3826931470973376,0.0018787661,-0.010363469,0.0059370785,1.0,1.2208551e-09
743,142175.0,9171,-1.6018982,1.9675854,3.5537074,476739.0,3.4299422091374985,0.010674441,0.008153605,0.0058139097,1.0,1.2214934e-09
744,142225.0,9021,-1.634993,1.9932698,3.5517447,474280.38,3.447289657465913,-0.0036449067,-0.00096479134,0.0059974613,1.0,1.2214896e-09
745,142275.0,9072,-1.6847075,1.9673175,3.5567062,469796.66,3.4044312169312168,-0.0035402048,-0.020565769,0.005880235,1.0,1.2221321e-09
746,142325.0,9065,-1.6405249,1.9629908,3.5654263,470969.34,3.402757859900717,0.00015968994,-0.009668285,0.005834249,1.0,1.2228079e-09
747,142375.0,8960,-1.6416765,1.9841748,3.5481148,473346.8,3.4011160714285715,0.003781868,0.013052537,0.0058962186,1.0,1.2226399e-09
748,142425.0,9206,-1.6512421,1.9888961,3.549516,470497.4,3.3936563111014557,0.00279751,0.010987538,0.005992887,1.0,1.2211343e-09
749,142475.0,8904,-1.6429672,1.9852724,3.5485919,468647.44,3.406783468104223,0.0017497776,0.028501153,0.0057559414,1.0,1.2215267e-09
750,142525.0,8991,-1.6946629,1.9790279,3.5503414,475613.06,3.4061839617395173,-0.0026770104,-0.018789308,0.0057340027,1.0,1.2223642e-09
751,142575.0,9003,-1.6644415,1.9777747,3.5520673,470968.53,3.400311007441964,0.0041792286,-0.05459559,0.0058551896,1.0,1.220655e-09
752,142625.0,8833,-1.6618549,1.9741619,3.5716608,476304.5,3.4051851013245784,0.0042185676,-0.038601365,0.006087297,1.0,1.2220284e-09
753,142675.0,9002,-1.6803654,1.9770372,3.5576584,471897.6,3.4292379471228616,-0.006190702,0.009455393,0.0059199934,1.0,1.2206766e-09
754,142725.0,9019,-1.6426512,1.9826239,3.5510705,472445.38,3.4275418560816053,0.008565193,-0.00091673806,0.006075956,1.0,1.2220011e-09
755,142775.0,9179,-1.6541301,1.9747937,3.565989,470765.47,3.4318553219304935,-7.749598e-05,-0.039040755,0.0059981155,1.0,1.222404e-09
756,142825.0,8738,-1.6604706,1.991183,3.522134,471928.16,3.393453879606317,-0.0009791772,0.01932038,0.005858029,1.0,1.2226032e-09
757,142875.0,9050,-1.6494597,1.9764216,3.5844977,481100.6,3.4370165745856354,-0.00015670135,-0.006225612,0.00574246,1.0,1.2217203e-09
758,142925.0,8932,-1.6190068,1.9882894,3.56259,477989.12,3.4122257053291536,-0.006880599,-0.0012410944,0.005905214,1.0,1.2209928e-09
759,142975.0,8940,-1.6613448,1.9780337,3.575235,474831.03,3.4395973154362416,0.009884919,0.028658364,0.0057089473,1.0,1.2220382e-09
760,143025.0,9030,-1.6159353,1.9755548,3.5667734,482327.06,3.3968992248062015,-0.0067382352,0.023838183,0.005842657,1.0,1.2225253e-09
761,143075.0,8853,-1.6634942,1.9854318,3.5689826,477286.2,3.441319326781882,-0.0027240457,0.010274809,0.0059211403,1.0,1.2221002e-09
762,143125.0,8961,-1.6326821,1.9756181,3.5714407,478763.8,3.4076553956031694,0.0013204268,-0.0013303466,0.0059151845,1.0,1.221607e-09
763,143175.0,8799,-1.6378678,1.9691247,3.5753002,476915.78,3.4052733265143766,-0.0038665931,-0.006743328,0.0057339934,1.0,1.2211308e-09
764,143225.0,8695,-1.6288114,1.9895866,3.5634966,475411.1,3.4170212765957446,0.013292286,0.014502622,0.006019842,1.0,1.2228386e-09
765,143275.0,8822,-1.6565789,1.9693965,3.558246,473003.34,3.4055769666742237,-0.0045956494,-0.005397908,0.0059019616,1.0,1.2224814e-09
766,143325.0,8859,-1.6477108,1.9822792,3.5624425,474455.28,3.4079467208488543,0.0033518907,0.023743842,0.005900407,1.0,1.221764e-09
767,143375.0,8933,-1.6596392,1.9812312,3.5611484,478080.34,3.4374790104108364,0.00024394185,0.007815048,0.0058393846,1.0,1.2213657e-09
768,143425.0,8936,-1.6534413,1.9691132,3.5601506,475790.7,3.4312891674127126,-0.0027355428,-0.042010576,0.005742824,1.0,1.2221992e-09
769,143475.0,8773,-1.6506755,1.9828091,3.557508,479615.53,3.463353470876553,0.004701481,-0.007088141,0.00581371,1.0,1.2201709e-09
770,143525.0,8852,-1.6391475,1.9717238,3.5794878,478692.56,3.424423859014912,-0.006862928,0.006805217,0.0059227017,1.0,1.2207285e-09
771,143575.0,8651,-1.64712,1.9724085,3.596269,485159.97,3.423650445035256,-0.0026092657,0.03241119,0.00587109,1.0,1.2215873e-09
772,143625.0,8844,-1.6143157,1.9745816,3.5813322,485738.12,3.4491180461329716,-0.0069337334,-0.00031495548,0.0060524535,1.0,1.2212519e-09
773,143675.0,8863,-1.652843,1.9846079,3.5471334,470591.38,3.4125014103576667,-0.0037277956,-0.011601159,0.0057918723,1.0,1.2216527e-09
774,143725.0,8582,-1.6432339,1.9612885,3.566126,474606.16,3.416919133069215,-0.009062146,0.0036230558,0.005915168,1.0,1.221901e-09
775,143775.0,8648,-1.6524646,1.9819351,3.5625565,478615.7,3.419518963922294,-0.0023160619,0.009034149,0.0058215996,1.0,1.2215319e-09
776,143825.0,8630,-1.6401682,1.976453,3.571869,482534.03,3.423870220162225,0.0007606595,-0.00571433,0.0057406183,1.0,1.220609e-09
777,143875.0,8882,-1.6149839,1.9606521,3.5597107,482330.0,3.3825714929070028,-0.0030810162,0.022420723,0.0058982284,1.0,1.2206994e-09
778,143925.0,8986,-1.6404296,1.9836527,3.543403,471806.16,3.409525929223236,0.0062082033,-0.01375131,0.005780742,1.0,1.2221723e-09
779,143975.0,8824,-1.6335229,1.996519,3.5516818,479083.47,3.3949456029011786,0.0023166053,-0.0011062959,0.0057404405,1.0,1.2208901e-09
780,144025.0,8726,-1.6488388,1.9816805,3.5769784,483729.72,3.4208113683245474,-0.008414697,0.018589629,0.0058207777,1.0,1.2213229e-09
781,144075.0,8681,-1.6437078,1.9610941,3.5707016,482099.34,3.4482202511231423,0.006407713,-0.0094476845,0.0060843322,1.0,1.2207897e-09
782,144125.0,8860,-1.630595,1.96514,3.5751839,483367.66,3.4278781038374717,0.0055939388,0.008942998,0.0058865394,1.0,1.2211822e-09
783,144175.0,8697,-1.6321139,1.9873432,3.561833,473825.78,3.4123260894561342,-0.0002257967,0.03887428,0.0059443563,1.0,1.2208939e-09
784,144225.0,8730,-1.6580878,1.9817727,3.5555534,473385.84,3.4032073310423825,-0.0007963466,0.021960292,0.005943327,1.0,1.2195995e-09
785,144275.0,8623,-1.6615802,1.9860008,3.553396,477298.84,3.416328423982373,-0.00038062636,-0.003885673,0.006085938,1.0,1.2217317e-09
786,144325.0,8722,-1.6594201,1.9670521,3.5819802,474890.06,3.4116028433845447,6.682939e-05,-0.039679553,0.005814028,1.0,1.2212338e-09
787,144375.0,8676,-1.6312914,1.9691645,3.55365,474183.88,3.4168971876440755,-0.003032974,-0.011943207,0.0060024536,1.0,1.2217996e-09
788,144425.0,8783,-1.6617521,1.9808799,3.5548882,477285.34,3.4037344870773083,-0.0021052668,-0.02368142,0.00596469,1.0,1.2219663e-09
789,144475.0,8748,-1.672448,1.9896371,3.5758305,480601.56,3.424439871970736,-0.0027529197,-0.012633029,0.0057425704,1.0,1.2236114e-09
790,144525.0,8723,-1.6756663,1.94877,3.5529406,470680.2,3.408689670984753,0.010216786,-0.018331908,0.0057982644,1.0,1.2218506e-09
791,144575.0,8599,-1.6454303,1.9605762,3.5649292,482710.4,3.4137690429119667,-0.004749651,-0.032047205,0.0058999485,1.0,1.2218576e-09
792,144625.0,8627,-1.6514949,1.9858603,3.541907,477053.12,3.448591630926162,-0.0029270607,0.008120478,0.005901736,1.0,1.2212515e-09
793,144675.0,8511,-1.6679976,1.9647958,3.540526,473838.12,3.4131124427211845,0.0031511276,0.0023893816,0.0058754603,1.0,1.2207486e-09
794,144725.0,8627,-1.6736887,1.9843163,3.5526192,471989.72,3.400950504230903,-0.005732281,0.010302435,0.005733829,1.0,1.2221021e-09
795,144775.0,8445,-1.6394792,1.9901227,3.534859,481643.62,3.389224393132031,-0.0020946872,-0.030993074,0.005772903,1.0,1.2202246e-09
796,144825.0,8677,-1.6662072,1.9827714,3.5569208,477448.03,3.4349429526333988,-0.0013174727,0.032940242,0.0058237514,1.0,1.2217155e-09
797,144875.0,8407,-1.6391387,1.9698958,3.5586934,477360.03,3.4194123944332104,0.0016723126,-0.08799993,0.005806823,1.0,1.2210719e-09
798,144925.0,8481,-1.6273916,1.9766836,3.5526533,476267.6,3.4249498879849076,-0.01922528,0.014170785,0.005928575,1.0,1.2222678e-09
799,144975.0,8475,-1.6477416,1.9811472,3.5433178,476738.3,3.400353982300885,0.0077933352,-0.0067596696,0.0059893737,1.0,1.2218117e-09
800,145025.0,8842,-1.6648062,1.9781593,3.563002,473918.66,3.404772675865189,7.6219345e-05,0.007070994,0.0059108627,1.0,1.2207582e-09
801,145075.0,8485,-1.6253386,1.9740478,3.5605361,479333.62,3.404242781378904,-0.0061078463,-0.020143798,0.0060293223,1.0,1.2210981e-09
802,145125.0,8609,-1.676524,1.9786357,3.554261,475921.88,3.426065745150424,-0.0012217301,-0.038789112,0.0059747198,1.0,1.2221637e-09
803,145175.0,8714,-1.6522036,1.9691042,3.5367844,472414.12,3.4265549690153776,0.0012392929,0.0026316522,0.006120732,1.0,1.2228005e-09
804,145225.0,8462,-1.6347853,1.9710734,3.5532067,472441.2,3.414677381233751,0.00021836179,0.017536655,0.0058540436,1.0,1.2211382e-09
805,145275.0,8462,-1.6368201,1.9727564,3.5659962,489869.03,3.447175608603167,-0.0044711865,-0.0012777485,0.00606027,1.0,1.221831e-09
806,145325.0,8471,-1.6258222,1.962475,3.5675213,482211.56,3.420493448235155,-0.00022809287,-0.01780453,0.0059027574,1.0,1.2217104e-09
807,145375.0,8547,-1.6593934,1.9692991,3.5442011,478033.7,3.445770445770446,0.0019188715,0.022619992,0.006009227,1.0,1.2235222e-09
808,145425.0,8405,-1.6298858,1.9689032,3.5499907,471962.06,3.4029744199881025,-0.0037995174,-0.034937363,0.005722597,1.0,1.2211865e-09
809,145475.0,8364,-1.6608007,1.9742731,3.5509787,478295.25,3.438187470109995,-0.0035431366,-0.018727968,0.005804662,1.0,1.2219848e-09
810,145525.0,8538,-1.6885542,1.964446,3.532269,465263.28,3.3917779339423753,-0.0037143133,-0.052410137,0.0056413435,1.0,1.2220351e-09
811,145575.0,8497,-1.6898925,1.9765602,3.5365133,471810.0,3.4362716252795105,-0.001283263,-0.06047492,0.005706733,1.0,1.2211753e-09
812,145625.0,8267,-1.6713376,1.9849035,3.5569217,476737.38,3.4099431474537316,-0.0060560987,-0.04124593,0.005710371,1.0,1.2210527e-09
813,145675.0,8367,-1.6863874,1.9657317,3.5664508,475158.2,3.4295446396557905,0.00059218495,-0.031898115,0.005923786,1.0,1.2226447e-09
814,145725.0,8495,-1.6670084,1.9700382,3.5428648,468182.72,3.429311359623308,-0.0011134412,-0.021387197,0.0061238413,1.0,1.2213803e-09
815,145775.0,8377,-1.658289,1.9813151,3.5551374,476061.3,3.459830488241614,0.00014017428,-0.00823132,0.005672362,1.0,1.2216812e-09
816,145825.0,8366,-1.6715837,1.9725578,3.5604792,477166.75,3.4257709777671526,-0.0065379227,0.013554768,0.0060444972,1.0,1.2225703e-09
817,145875.0,8431,-1.6573071,1.9814322,3.5543008,485899.1,3.4366030126912586,-0.0023742418,0.012065089,0.005774311,1.0,1.2215142e-09
818,145925.0,8504,-1.6432372,1.9734819,3.5792398,477846.72,3.436970837253057,0.0075929826,-0.015166177,0.0057433043,1.0,1.222943e-09
819,145975.0,8405,-1.6641183,1.955136,3.564734,475860.7,3.412730517549078,-0.0013889121,0.027204104,0.0057901735,1.0,1.221645e-09
820,146025.0,8336,-1.7089245,1.983985,3.516478,467597.7,3.439539347408829,-0.009593101,-0.009834158,0.0059369714,1.0,1.2218898e-09
821,146075.0,8340,-1.6963767,1.9843558,3.5531433,477434.03,3.439328537170264,-0.0009890631,0.023318067,0.0059893895,1.0,1.2223514e-09
822,146125.0,8505,-1.6677109,2.0008621,3.5487306,481850.88,3.4192827748383303,-0.00019449764,-0.023814656,0.0059008854,1.0,1.2223752e-09
823,146175.0,8413,-1.6274881,1.9819125,3.549703,476263.28,3.4428860097468204,-0.0026531941,-0.04607041,0.0058996268,1.0,1.2191447e-09
824,146225.0,8318,-1.6774011,1.9800999,3.5400224,468475.62,3.436523202692955,-0.00656781,0.00642386,0.005980519,1.0,1.221002e-09
825,146275.0,8250,-1.680283,1.9855312,3.5463195,473664.0,3.4096969696969697,0.011613379,0.021785969,0.0060916934,1.0,1.2210615e-09
826,146325.0,8219,-1.6673002,1.9566478,3.571153,484815.75,3.443484608833191,0.005975205,0.0106578395,0.0059483047,1.0,1.221357e-09
827,146375.0,8404,-1.6399224,1.9929186,3.552343,478731.28,3.432651118514993,-0.0031261789,-0.0024421737,0.005851396,1.0,1.2217218e-09
828,146425.0,8336,-1.7031482,1.9709885,3.5535939,478673.5,3.444937619961612,0.00040335517,0.0065983655,0.005908058,1.0,1.2219783e-09
829,146475.0,8354,-1.6946431,1.964809,3.5574033,478159.84,3.433445056260474,-0.0051273713,0.021038495,0.005872216,1.0,1.2200895e-09
830,146525.0,8277,-1.6238195,1.9618874,3.5662522,484353.94,3.4151262534734808,-0.0029792825,0.013332918,0.005887499,1.0,1.2208422e-09
831,146575.0,8231,-1.6818863,1.9656343,3.54563,478887.16,3.4275300692503947,0.0013573003,-0.034403257,0.006046646,1.0,1.2213814e-09
832,146625.0,8367,-1.6726432,1.9738286,3.5694823,486506.25,3.4349229114377913,-0.004372961,0.017365245,0.005696366,1.0,1.2218315e-09
833,146675.0,8171,-1.6626034,1.9779154,3.525962,472131.2,3.4162281238526497,-0.00321547,0.058879912,0.005806024,1.0,1.2223321e-09
834,146725.0,8366,-1.6460047,1.9591476,3.5742488,479376.53,3.404374850585704,-0.007753129,-0.01790289,0.0058579696,1.0,1.2217078e-09
835,146775.0,8237,-1.6394253,1.9688761,3.573944,481888.16,3.4226053174699524,-0.0025823445,-0.012304194,0.0057144943,1.0,1.221956e-09
836,146825.0,8217,-1.6783129,1.9763347,3.5207195,467605.5,3.4248509188268224,0.006687505,-0.025241045,0.006062911,1.0,1.2214494e-09
837,146875.0,8198,-1.6878595,1.9836864,3.5619957,476747.4,3.4193705781898025,-0.0032474531,-0.00032263753,0.0058386833,1.0,1.2220767e-09
838,146925.0,8263,-1.6709962,1.9741501,3.5670342,475420.78,3.399249667191093,0.010941769,0.026193047,0.0060031586,1.0,1.221534e-09
839,146975.0,8283,-1.6769236,1.982777,3.5316336,471727.28,3.4202583604974044,-0.0010960468,-0.02241515,0.005871691,1.0,1.2213397e-09
840,147025.0,8034,-1.6588895,1.9811435,3.5696952,482946.03,3.403161563355738,-0.00802748,0.0113703525,0.0060215187,1.0,1.2222305e-09
841,147075.0,8145,-1.655493,1.9823859,3.5599785,478462.66,3.4195211786372006,-0.007100917,0.03135988,0.0058999015,1.0,1.2210705e-09
842,147125.0,8090,-1.6876842,1.9785343,3.5552573,477815.03,3.4252163164400495,-0.014993534,-0.017646678,0.005807289,1.0,1.2211633e-09
843,147175.0,8354,-1.6528784,1.9652205,3.5451856,474348.88,3.4075891788364854,0.005744241,-0.004694633,0.005861682,1.0,1.2205507e-09
844,147225.0,8074,-1.6760005,1.9717596,3.5508318,476169.28,3.4373297002724796,-0.00017922017,-0.009657593,0.0057955505,1.0,1.2212398e-09
845,147275.0,7948,-1.6637218,1.9597871,3.5817237,477657.28,3.4383492702566683,-0.0078818,-0.019966383,0.005927308,1.0,1.2218593e-09
846,147325.0,8094,-1.6677003,1.9688517,3.5577157,485091.7,3.412898443291327,-0.0033387898,0.023549534,0.005965519,1.0,1.2204491e-09
847,147375.0,8023,-1.6813368,1.969453,3.5320837,470562.16,3.405708587810046,-0.0059656566,0.0040074727,0.0059990133,1.0,1.2203686e-09
848,147425.0,8251,-1.6573513,1.9893893,3.5521722,479420.75,3.3912253060235122,0.0005093395,0.001782144,0.0057948115,1.0,1.2225829e-09
849,147475.0,8128,-1.6983792,1.9711052,3.5611875,477414.5,3.423351377952756,0.00076184265,-0.03126074,0.006062026,1.0,1.2217654e-09
850,147525.0,8123,-1.6876448,1.9601811,3.5506349,472049.22,3.4202880709097623,0.010452866,-0.024375226,0.005960737,1.0,1.2217747e-09
851,147575.0,8096,-1.6875061,1.980599,3.5639749,478674.56,3.4759140316205532,-0.0038410923,0.014166401,0.0057723736,1.0,1.2228619e-09
852,147625.0,8063,-1.6756316,1.9725599,3.5540686,478823.47,3.417214436314027,0.00845512,-0.0021709006,0.0058714044,1.0,1.2212514e-09
853,147675.0,8122,-1.6710088,1.9881384,3.5287826,470360.16,3.3999015020930807,0.005362811,0.005610643,0.006005471,1.0,1.2214706e-09
854,147725.0,7986,-1.6450198,1.9795064,3.5740666,483517.84,3.421863260706236,0.008927932,-0.011654911,0.005853832,1.0,1.2218989e-09
855,147775.0,7935,-1.6532322,1.9774665,3.5758646,486865.62,3.4361688720856964,0.009601327,-0.0005784093,0.0060375505,1.0,1.2202888e-09
856,147825.0,8105,-1.6813484,1.9739236,3.5447142,478187.94,3.434916718075262,-0.005555496,-0.018780917,0.005848714,1.0,1.2224313e-09
857,147875.0,8016,-1.6483291,1.977701,3.533523,471670.03,3.403193612774451,0.011895423,0.021157099,0.005737972,1.0,1.2217449e-09
858,147925.0,7922,-1.6636225,1.9891852,3.567759,481825.72,3.4159303206261047,-0.019127915,0.02778679,0.0060078525,1.0,1.2216886e-09
859,147975.0,7938,-1.6918118,1.9708682,3.5201457,472282.38,3.393424036281179,-0.0015222466,-0.02463747,0.0059156674,1.0,1.2213723e-09
860,148025.0,8146,-1.6763676,1.9757327,3.5540462,478321.0,3.4335870365823715,-0.0006074245,-0.010880887,0.0057893177,1.0,1.221404e-09
861,148075.0,7995,-1.6805373,1.9754319,3.5538738,474076.7,3.4193871169480925,-0.0052543725,-0.014435455,0.0058494043,1.0,1.2213199e-09
862,148125.0,7987,-1.6528052,1.9730015,3.5482886,475000.2,3.463503192688118,0.00029603497,0.0012919954,0.005922128,1.0,1.2217308e-09
863,148175.0,7961,-1.6659175,1.9734011,3.535443,470334.34,3.4013314910187162,-0.0017706095,0.04315848,0.0060470314,1.0,1.2204535e-09
864,148225.0,7955,-1.695194,1.9734696,3.563838,477358.3,3.4504085480829665,0.0041647875,-0.0158743,0.0059164045,1.0,1.2231455e-09
865,148275.0,8081,-1.6777722,1.9658042,3.5230103,471072.6,3.423833683950006,-0.0051366673,0.0069316234,0.005923912,1.0,1.2224963e-09
866,148325.0,7962,-1.6596987,1.9617286,3.553328,476735.38,3.461567445365486,-0.002976389,0.00867472,0.005901814,1.0,1.222988e-09
867,148375.0,7813,-1.6571629,1.9829528,3.5639586,476559.1,3.4232689107897096,0.0034596918,0.025773127,0.0058459593,1.0,1.2219797e-09
868,148425.0,7939,-1.639951,1.9652221,3.571466,483359.84,3.418314649200151,0.002964488,-0.029139252,0.0058221663,1.0,1.2208624e-09
869,148475.0,8114,-1.6647823,1.9597992,3.5546398,482496.34,3.444170569386246,-0.004612798,-0.02648435,0.0059237834,1.0,1.2214812e-09
870,148525.0,7882,-1.692583,1.9617773,3.5440369,474703.53,3.414234965744735,0.00071173673,0.03516094,0.006000263,1.0,1.2220353e-09
871,148575.0,7914,-1.676365,1.9675022,3.5737622,481343.75,3.471695729087693,-0.004974992,0.00080533745,0.00589951,1.0,1.2229998e-09
872,148625.0,7740,-1.6670554,1.9798838,3.5748265,486421.84,3.4645994832041342,0.0011685898,0.0048472886,0.0059300503,1.0,1.2215001e-09
873,148675.0,7990,-1.6693418,1.9672801,3.5473828,475160.1,3.432665832290363,-0.0031133788,-0.03429852,0.005878446,1.0,1.2213445e-09
874,148725.0,7735,-1.6931033,1.9701508,3.5405836,475240.34,3.4050420168067226,-0.00048760994,-0.020989846,0.0057820305,1.0,1.2217217e-09
875,148775.0,7960,-1.6611058,1.9816486,3.5598214,477132.75,3.4576633165829147,0.0016543563,0.001702623,0.00588544,1.0,1.2201895e-09
876,148825.0,7807,-1.6541569,1.98061,3.5743284,478911.06,3.405277315229922,0.0053155217,0.003686274,0.0057671187,1.0,1.2213426e-09
877,148875.0,7718,-1.6197809,1.9761372,3.5515137,483468.12,3.4291267167660013,-0.0050491844,-0.010497207,0.005992136,1.0,1.2218971e-09
878,148925.0,7660,-1.710944,1.970375,3.5685525,484757.62,3.4531331592689294,-0.004521967,0.0118407905,0.0058479323,1.0,1.2217458e-09
879,148975.0,7790,-1.6607838,1.9761108,3.56546,478822.16,3.409884467265725,0.0036978386,-0.009288509,0.0056688027,1.0,1.2217524e-09
880,149025.0,7677,-1.6652002,1.9579623,3.5555696,473870.94,3.446137814250358,-0.009488828,0.0022646983,0.005820384,1.0,1.2204268e-09
881,149075.0,7865,-1.6552323,1.9496932,3.5378432,472368.38,3.437889383343929,0.007607196,-0.040744103,0.005839239,1.0,1.2224843e-09
882,149125.0,7805,-1.6440085,1.9607459,3.5384128,476476.44,3.4103779628443305,-0.0063662576,0.006186825,0.005734908,1.0,1.2214922e-09
883,149175.0,7851,-1.6319455,1.9741172,3.5739162,486933.84,3.4594319195007004,0.007938112,-0.060188916,0.0059853555,1.0,1.2218838e-09
884,149225.0,7784,-1.6507896,1.9698774,3.5652895,476862.1,3.4482271325796505,-0.010059703,0.018661624,0.005811205,1.0,1.2213554e-09
885,149275.0,7910,-1.6649681,1.9572053,3.5690527,480963.3,3.40480404551201,0.011091948,-0.017942375,0.005831706,1.0,1.2217933e-09
886,149325.0,7919,-1.6877016,1.9549451,3.5373569,475676.66,3.425685061245107,0.0069203917,-0.0047910376,0.0054983534,1.0,1.22022e-09
887,149375.0,7783,-1.6782749,1.9610201,3.5299733,470677.25,3.432738018758833,-0.0032078812,-0.026883733,0.0060164183,1.0,1.2217964e-09
888,149425.0,7741,-1.6849282,1.9683914,3.5694091,486575.34,3.445162123756621,0.008446978,-0.0031446887,0.005881088,1.0,1.222354e-09
889,149475.0,7646,-1.676735,1.9759274,3.5500896,476427.12,3.4147266544598485,0.0011293942,-0.010808329,0.005997583,1.0,1.2208277e-09
890,149525.0,7722,-1.6832296,1.982565,3.5656736,483592.94,3.438098938098938,-0.0058344826,-0.05359633,0.005824987,1.0,1.2222046e-09
891,149575.0,7712,-1.6876512,1.9849892,3.5712848,484210.16,3.435295643153527,5.5818768e-05,0.024308901,0.005821484,1.0,1.2217996e-09
892,149625.0,7930,-1.6522022,1.9588475,3.5717332,488864.16,3.469735182849937,7.7909026e-05,-0.03071715,0.0058806282,1.0,1.2221688e-09
893,149675.0,7588,-1.695594,1.9769834,3.5546062,474589.44,3.4210595677385345,-0.00034091432,-0.04885975,0.005697751,1.0,1.2222172e-09
894,149725.0,7723,-1.6698186,1.966879,3.5842102,487562.7,3.4100738055159914,0.0011574421,0.014607873,0.0060107345,1.0,1.2220519e-09
895,149775.0,7701,-1.6799387,1.9835777,3.525609,471071.84,3.4521490715491496,0.0038297148,0.053248715,0.0059879967,1.0,1.2209342e-09
896,149825.0,7776,-1.6871511,1.9643468,3.5625007,483524.5,3.4528034979423867,-0.004005759,-0.0041674,0.005826435,1.0,1.2214716e-09
897,149875.0,7562,-1.7161514,1.9632508,3.5348544,476650.22,3.440491933350965,-0.016159806,0.03047588,0.0058742766,1.0,1.2231456e-09
898,149925.0,7711,-1.6639715,1.9730245,3.581325,491209.22,3.450784593437946,0.0044841343,0.016993536,0.005945415,1.0,1.2210646e-09
899,149975.0,7723,-1.6697699,1.9831939,3.5483608,477251.16,3.4266476757736632,-0.003102747,0.021569911,0.005894098,1.0,1.222312e-09
900,150025.0,7713,-1.6778243,1.9866095,3.5442603,486187.6,3.4335537404382213,-0.0030907055,0.012840219,0.0058752154,1.0,1.2214659e-09
901,150075.0,7608,-1.6390343,1.965959,3.581106,486124.9,3.4775236593059935,-0.007834323,0.047881115,0.006054236,1.0,1.2226344e-09
902,150125.0,7654,-1.659288,1.9517912,3.5584276,478641.53,3.449307551607003,0.0012480341,0.023748126,0.0060128146,1.0,1.2223864e-09
903,150175.0,7641,-1.7037317,1.9770132,3.5392807,476646.72,3.426253108231907,-0.006167263,-0.010597504,0.0057824114,1.0,1.2213411e-09
904,150225.0,7770,-1.6852887,1.9708656,3.560468,485594.53,3.463063063063063,0.0013422975,-0.028190188,0.005883859,1.0,1.222725e-09
905,150275.0,7544,-1.680285,1.9592512,3.546893,480016.22,3.4441940615058324,-0.006117963,-0.06354845,0.005792848,1.0,1.2213601e-09
906,150325.0,7728,-1.687152,1.9522251,3.5344028,476157.22,3.411878881987578,0.005503548,-0.05920414,0.0058311406,1.0,1.2206521e-09
907,150375.0,7653,-1.6844298,1.9514582,3.5485635,475450.34,3.4061152489219912,-0.005294647,0.00979791,0.006070713,1.0,1.221796e-09
908,150425.0,7477,-1.665463,1.9653925,3.5482275,479561.8,3.432526414337301,-0.0037997456,-0.0039520212,0.005736168,1.0,1.2221648e-09
909,150475.0,7614,-1.6824496,1.9713104,3.5277212,473534.94,3.425531914893617,-0.003437749,-0.0023846768,0.005792062,1.0,1.2206599e-09
910,150525.0,7666,-1.7148476,1.972502,3.5395472,476623.03,3.4128619879989563,-0.0044403556,0.0017780185,0.0059171226,1.0,1.2216463e-09
911,150575.0,7603,-1.6633729,1.9527125,3.5481055,478163.3,3.460607654873076,-0.018326195,0.00043263537,0.005899945,1.0,1.2218739e-09
912,150625.0,7423,-1.6683877,1.9821861,3.5620146,483728.8,3.4382325205442545,-0.010339864,0.005250688,0.0058610947,1.0,1.2218887e-09
913,150675.0,7413,-1.6709917,1.9562069,3.5601332,480717.4,3.413462835559153,-0.00047763292,0.014853082,0.0059436113,1.0,1.2218262e-09
914,150725.0,7554,-1.673976,1.9720637,3.5477011,481694.16,3.4318241990998146,0.0073838495,-0.0071720188,0.0059542987,1.0,1.2228385e-09
915,150775.0,7624,-1.7127349,1.9609574,3.5395963,479454.2,3.4525183630640086,-0.0006583459,-0.035902586,0.005830238,1.0,1.2207976e-09
916,150825.0,7735,-1.6774474,1.96408,3.5552456,484663.44,3.420426632191338,-0.0068422817,-0.019906811,0.0059406715,1.0,1.2222252e-09
917,150875.0,7548,-1.6765239,1.9667662,3.5611188,480641.84,3.4121621621621623,0.0007657672,0.013826514,0.0057844957,1.0,1.221789e-09
918,150925.0,7454,-1.641992,1.9835236,3.5718029,482667.16,3.436678293533673,0.0065473253,-0.001663576,0.005673951,1.0,1.2211909e-09
919,150975.0,7427,-1.6721494,1.9786278,3.545036,475516.47,3.424666756429245,0.00035343913,-0.06877599,0.0059609427,1.0,1.2207788e-09
920,151025.0,7613,-1.6937224,1.9776144,3.5193849,465378.8,3.4538289767502954,-0.0036673096,0.016910102,0.005793116,1.0,1.2211862e-09
921,151075.0,7420,-1.713386,1.9601535,3.5430708,477573.0,3.4388140161725067,-0.005442802,-0.035828542,0.005632764,1.0,1.2197192e-09
922,151125.0,7433,-1.6924148,1.9535395,3.5739996,484800.7,3.4571505448674826,0.0040331366,0.0050581708,0.0059398487,1.0,1.220153e-09
923,151175.0,7511,-1.666222,1.9702678,3.563835,485020.5,3.4253761150312876,-0.004841659,0.022175007,0.005977137,1.0,1.2217423e-09
924,151225.0,7532,-1.659928,1.9658192,3.5674374,482137.62,3.413967073818375,-0.0030715088,-0.0043997206,0.005902259,1.0,1.2235649e-09
925,151275.0,7391,-1.6856468,1.9505686,3.5674572,484499.03,3.448247869029901,0.0020097627,0.043534312,0.006006357,1.0,1.2221308e-09
926,151325.0,7417,-1.6714065,1.9855473,3.5403876,475715.5,3.4306323311311853,0.0022896093,-0.031830665,0.0058105798,1.0,1.2225498e-09
927,151375.0,7420,-1.693218,1.941762,3.5695753,486587.0,3.4440700808625335,-0.0023630904,-0.033707738,0.0057455027,1.0,1.2224595e-09
928,151425.0,7513,-1.6667638,1.9787441,3.534818,474945.8,3.4425662185545054,-0.008352426,-0.010169731,0.00590637,1.0,1.2217557e-09
929,151475.0,7445,-1.6742448,1.9731761,3.5638561,487451.16,3.454130288784419,0.0037734115,0.007791526,0.0058622775,1.0,1.2211786e-09
930,151525.0,7527,-1.6959598,1.9673038,3.5756493,486844.6,3.4640627075860237,-0.006670799,-0.0052699544,0.006011439,1.0,1.2220838e-09
931,151575.0,7245,-1.6588868,1.9433,3.5695157,489130.22,3.4247066942719115,-0.006478148,0.008859841,0.005973614,1.0,1.2230441e-09
932,151625.0,7382,-1.6684418,1.9733996,3.5403183,475798.1,3.407477648333785,0.0049923426,-0.014721529,0.0059126066,1.0,1.2209314e-09
933,151675.0,7309,-1.6702834,1.9782124,3.551693,483223.3,3.4706526200574634,-0.0005107237,0.028540043,0.0059154816,1.0,1.2208111e-09
934,151725.0,7355,-1.6609306,1.9636474,3.5292802,475384.38,3.413732154996601,-0.004216811,0.022665698,0.0058375653,1.0,1.220715e-09
935,151775.0,7172,-1.6793697,1.9712985,3.5661347,484186.5,3.430702732849972,-0.0007050229,-0.0041067726,0.0059348023,1.0,1.22204e-09
936,151825.0,7250,-1.6985052,1.9608568,3.535848,474366.62,3.45448275862069,0.00566309,-0.056979567,0.0060868827,1.0,1.2230271e-09
937,151875.0,7296,-1.6862158,1.9645461,3.5574102,485550.94,3.444764254385965,0.002858017,-0.0005963349,0.005996656,1.0,1.2210004e-09
938,151925.0,7221,-1.7287152,1.9748853,3.5417924,471937.34,3.4511840465309516,-0.012841871,-0.00692422,0.0059542977,1.0,1.2208424e-09
939,151975.0,7348,-1.6840972,1.9909438,3.5324867,486145.12,3.463663581927055,0.009461888,0.0030938038,0.0058902306,1.0,1.2202028e-09
940,152025.0,7180,-1.673438,1.952811,3.5544584,483175.7,3.4491643454039,0.0025421192,0.027382609,0.006105365,1.0,1.2204802e-09
941,152075.0,7317,-1.6946038,1.9713285,3.509526,472930.5,3.4283176165094984,0.00064589997,0.027599264,0.0060117696,1.0,1.2202791e-09
942,152125.0,7229,-1.6980959,1.9690177,3.5381498,477336.06,3.4468114538663714,0.004471434,0.012898282,0.005914606,1.0,1.2214098e-09
943,152175.0,7248,-1.6664469,1.9571972,3.5690892,485176.3,3.43598233995585,0.00300734,-0.04156526,0.0058894036,1.0,1.2222726e-09
944,152225.0,7231,-1.7028637,1.9828109,3.547137,479109.53,3.4112847462315035,0.002726465,-0.0028488096,0.005901786,1.0,1.2217469e-09
945,152275.0,7212,-1.6765951,1.970079,3.543801,487632.75,3.463810316139767,0.0047482434,0.025825499,0.005688522,1.0,1.2222504e-09
946,152325.0,7253,-1.6735599,1.9729097,3.5646427,484346.47,3.434165173031849,0.002941416,0.0059973532,0.0060465513,1.0,1.2217534e-09
947,152375.0,7292,-1.7000097,1.976317,3.5614483,484010.78,3.4477509599561165,-0.0075946227,-0.00026807265,0.0056659277,1.0,1.2219841e-09
948,152425.0,7153,-1.6994087,1.9504791,3.552137,476242.88,3.440654270935272,0.0034883108,0.010328282,0.005920543,1.0,1.2227891e-09
949,152475.0,7253,-1.6803815,1.9648306,3.541807,481783.47,3.4533296566937817,-0.0018774178,-0.010968158,0.005848192,1.0,1.2218719e-09
950,152525.0,7123,-1.6910224,1.9853052,3.5780594,489104.5,3.4736768215639477,-0.0070134546,-0.00849879,0.005877341,1.0,1.2232656e-09
951,152575.0,7286,-1.7143276,1.9666727,3.5533268,474887.53,3.454707658523195,-0.009327707,0.0070828577,0.006014642,1.0,1.2220046e-09
952,152625.0,7174,-1.6817348,1.9476374,3.5416582,476718.2,3.4315584053526624,0.010201417,-0.012935413,0.0058109425,1.0,1.2217112e-09
953,152675.0,7185,-1.6850693,1.9538232,3.5370169,485211.06,3.4782185107863604,0.0020641952,-0.0019713403,0.0058748494,1.0,1.221452e-09
954,152725.0,7193,-1.6848115,1.9757085,3.5233872,474158.6,3.4521062143750867,0.009743828,-0.040877175,0.0058916537,1.0,1.2213263e-09
955,152775.0,7057,-1.6859479,1.9832141,3.555832,480397.22,3.4021538897548536,-0.0022202183,0.002995473,0.0059125754,1.0,1.2203791e-09
956,152825.0,7068,-1.6744417,1.9723067,3.5569146,482797.84,3.4434069043576683,0.0015510683,0.018931324,0.0057442477,1.0,1.2220722e-09
957,152875.0,7270,-1.6689061,1.9700906,3.5741131,476629.97,3.4614855570839063,-0.007650052,0.0352461,0.0057488615,1.0,1.2211159e-09
958,152925.0,7161,-1.6624813,1.9619462,3.58062,489741.75,3.4578969417679093,0.008939349,-0.04632537,0.0059808013,1.0,1.2201196e-09
959,152975.0,7033,-1.6743089,1.9767617,3.5613525,484629.56,3.4072230911417605,0.003795104,-0.014455065,0.005888916,1.0,1.2214669e-09
960,153025.0,7135,-1.695145,1.9710684,3.5590887,486736.9,3.4461107217939735,0.0028005252,0.031897154,0.0059089726,1.0,1.2219462e-09
961,153075.0,7057,-1.7205642,1.9752252,3.5274076,475077.97,3.448632563412215,-0.0037406802,0.05175307,0.005748099,1.0,1.222145e-09
962,153125.0,7208,-1.6765554,1.9626005,3.5578964,477277.4,3.4564372918978914,-0.010563936,0.020824397,0.005733125,1.0,1.2215972e-09
963,153175.0,7188,-1.666457,1.9618526,3.5568924,478958.97,3.419309961046188,0.005657515,-0.039074395,0.0059408466,1.0,1.2215702e-09
964,153225.0,7178,-1.6782689,1.9775913,3.5516365,486146.78,3.4668431317915855,-0.0011780002,0.036930777,0.005862123,1.0,1.2214709e-09
965,153275.0,7041,-1.6856278,1.9778284,3.5594976,482646.94,3.4435449510012783,0.0051617334,0.038168263,0.0058657695,1.0,1.2211171e-09
966,153325.0,7093,-1.7132641,1.9692912,3.5357902,478397.16,3.4332440434230933,-0.006567814,0.034049198,0.005868083,1.0,1.2226885e-09
967,153375.0,7091,-1.7016582,1.9485165,3.5480063,485572.9,3.47172472147793,-0.0046520843,-0.036073465,0.0058926563,1.0,1.2217495e-09
968,153425.0,7215,-1.7208799,1.9797437,3.5100553,475477.6,3.433264033264033,-0.0043029124,-0.01076899,0.0059511713,1.0,1.2219132e-09
969,153475.0,7149,-1.6956556,1.9589852,3.5289197,470703.0,3.4262134564274724,-0.0025884404,-0.008521405,0.005977418,1.0,1.221976e-09
970,153525.0,6990,-1.6846694,1.9443537,3.562759,488221.7,3.4510729613733906,-0.0045902156,0.013762089,0.005975019,1.0,1.2221806e-09
971,153575.0,7090,-1.6939608,1.9573292,3.55022,485218.88,3.426657263751763,0.00888225,0.014134119,0.0060047703,1.0,1.223604e-09
972,153625.0,7007,-1.6889797,1.9837543,3.5362673,482880.97,3.448266019694591,-0.0076178242,0.026503038,0.005989906,1.0,1.2215241e-09
973,153675.0,7122,-1.7105534,1.9584844,3.5465534,473932.4,3.405082841898343,-0.004794967,0.026849736,0.0057324255,1.0,1.2221075e-09
974,153725.0,7146,-1.6931239,1.9699711,3.5570364,481408.72,3.4652952700811643,0.00225044,-0.028960258,0.0059579667,1.0,1.2205895e-09
975,153775.0,7117,-1.7182637,1.9748011,3.5214286,472997.25,3.4576366446536464,0.009649079,0.023087498,0.0058677765,1.0,1.2207764e-09
976,153825.0,6840,-1.6695077,1.9553092,3.5636704,484756.7,3.462280701754386,0.00055293104,0.022077944,0.0058482615,1.0,1.2216934e-09
977,153875.0,6883,-1.7214297,1.9817266,3.560242,478936.3,3.420165625454017,-8.746697e-05,-0.016988961,0.0056839,1.0,1.2192101e-09
978,153925.0,7059,-1.6962582,1.9589434,3.5555596,484343.78,3.4213061340133164,0.0095030675,0.034687907,0.005863677,1.0,1.2204112e-09
979,153975.0,7121,-1.690509,1.9360764,3.561699,482318.72,3.4538688386462577,0.0051977467,0.051210653,0.0060327807,1.0,1.2217666e-09
980,154025.0,6952,-1.7110634,1.9589416,3.5316954,480698.28,3.4579976985040277,-0.0012993998,0.009543444,0.0060994127,1.0,1.2208572e-09
981,154075.0,6942,-1.675317,1.9683454,3.5403705,476733.28,3.4275424949582254,0.009902467,0.039617397,0.005966981,1.0,1.2215509e-09
982,154125.0,7083,-1.7258942,1.9660411,3.5131528,471700.28,3.435126358887477,0.006772074,-0.013893796,0.0059127486,1.0,1.2204944e-09
983,154175.0,6970,-1.6940488,1.9600328,3.5126295,471267.38,3.422668579626973,-0.0032991834,-0.021830954,0.0057517365,1.0,1.2198725e-09
984,154225.0,7081,-1.7138982,1.9852613,3.5427732,480496.62,3.4410394012145176,-0.0007833108,0.049070626,0.006007966,1.0,1.2213539e-09
985,154275.0,6946,-1.6747535,1.9712905,3.55572,482817.8,3.4154909300316727,0.00043466073,0.020488586,0.0059249722,1.0,1.2213971e-09
986,154325.0,6878,-1.7036438,1.9671572,3.5072584,474367.0,3.438354172724629,-0.0033107467,0.017613355,0.005942935,1.0,1.2207152e-09
987,154375.0,6897,-1.6834513,1.966454,3.528945,477294.9,3.4213426127301725,-0.003573143,-0.075253524,0.005983626,1.0,1.222141e-09
988,154425.0,6760,-1.6651126,1.9553156,3.5439205,483047.44,3.4155325443786984,0.001632804,0.007450237,0.005979437,1.0,1.221034e-09
989,154475.0,6855,-1.7034136,1.9839921,3.5550299,487753.6,3.4354485776805253,-0.008090363,0.03023977,0.006087734,1.0,1.2223421e-09
990,154525.0,6921,-1.7093756,1.9656792,3.5295184,476851.62,3.442421615373501,-0.007360657,0.0012738063,0.0059808204,1.0,1.2211776e-09
991,154575.0,7016,-1.6603706,1.9567752,3.566253,494830.84,3.454247434435576,0.009034742,0.022475926,0.005960574,1.0,1.2215073e-09
992,154625.0,6703,-1.6750137,1.9729952,3.5527427,485072.25,3.4471132328808,-0.0018670087,-0.03304939,0.0058099343,1.0,1.2235888e-09
993,154675.0,6828,-1.6946436,1.9432751,3.5325015,476180.78,3.4655828939660225,-0.00426645,-0.0025039031,0.0060149273,1.0,1.2231113e-09
994,154725.0,6790,-1.7076427,1.9550617,3.5523748,484559.66,3.427245949926362,0.0042818296,0.014109081,0.005867533,1.0,1.2203609e-09
995,154775.0,6926,-1.7180939,1.9365526,3.5431545,472577.03,3.4337279815189143,0.0066289315,0.0033528167,0.0059412527,1.0,1.2222385e-09
996,154825.0,6839,-1.6936184,1.948478,3.5487635,483582.66,3.430910951893552,0.005945422,0.05604015,0.005894539,1.0,1.2208228e-09
997,154875.0,6800,-1.6576895,1.9495287,3.5513556,480055.2,3.4022058823529413,0.0039641648,-0.011256551,0.0058981813,1.0,1.219961e-09
998,154925.0,6976,-1.6831199,1.9529916,3.5608943,487149.47,3.4148509174311927,0.0028176778,-0.0024306057,0.005778453,1.0,1.221463e-09
999,154975.0,6790,-1.7050226,1.9561985,3.5563273,472135.94,3.434167893961708,0.0025382692,-0.0067735664,0.0060139764,1.0,1.2216468e-09
1000,155025.0,6851,-1.6688966,1.9647807,3.5221188,478702.47,3.4249014742373376,0.008550106,0.0038933654,0.005801705,1.0,1.2193093e-09
1001,155075.0,6699,-1.6904622,1.9614142,3.5524495,486694.34,3.426780116435289,0.007728812,0.04687485,0.0057155844,1.0,1.2210081e-09
1002,155125.0,6823,-1.6984377,1.9678168,3.5575385,486983.2,3.4251795397918805,-0.001869627,0.0037661754,0.005824053,1.0,1.2207683e-09
1003,155175.0,6954,-1.7101082,1.972896,3.557115,476677.78,3.418607995398332,-0.0058884905,-0.006788266,0.005790689,1.0,1.221827e-09
1004,155225.0,6820,-1.6928954,1.9418441,3.555796,479378.84,3.432258064516129,0.0022025262,-0.014276699,0.0059516625,1.0,1.2212084e-09
1005,155275.0,6949,-1.6487455,1.9795005,3.5481348,486381.22,3.421787307526263,0.006949975,0.012664027,0.0060537797,1.0,1.2217789e-09
1006,155325.0,6803,-1.6841391,1.9765359,3.5503983,481836.97,3.450389534029105,0.0030122092,0.0017501647,0.006087748,1.0,1.2222678e-09
1007,155375.0,6729,-1.708904,1.9711416,3.526823,481434.72,3.4239857333927777,0.00045768544,0.029650282,0.005732204,1.0,1.2221808e-09
1008,155425.0,6710,-1.6843894,1.962851,3.547334,481004.2,3.435618479880775,0.004728468,0.018438006,0.005941895,1.0,1.2220513e-09
1009,155475.0,6741,-1.6779947,1.972892,3.560201,486040.94,3.4116599910992433,-0.006749068,0.057821628,0.0059140897,1.0,1.2201539e-09
1010,155525.0,6759,-1.6817769,1.9491086,3.5478404,475903.22,3.448882970853677,0.0010899294,-0.018408788,0.0058043073,1.0,1.2211053e-09
1011,155575.0,6763,-1.6846086,1.9648452,3.5507665,479186.2,3.4308738725417713,-0.0059587285,-0.023320558,0.0059407926,1.0,1.2213235e-09
1012,155625.0,6707,-1.6689367,1.976135,3.5153527,477135.16,3.4381988966751154,0.008529273,0.0465039,0.0058410754,1.0,1.2212282e-09
1013,155675.0,6646,-1.7214863,1.9643145,3.5356734,477220.38,3.4226602467649716,0.0023774991,-0.010587816,0.005797653,1.0,1.2220797e-09
1014,155725.0,6808,-1.6706313,1.9624212,3.5721395,486808.75,3.396004700352526,-0.0033695088,-0.021023476,0.005786352,1.0,1.2221059e-09
1015,155775.0,6591,-1.6857268,1.9747777,3.5385182,490378.84,3.4619936276741012,0.00859537,0.010804127,0.0062109944,1.0,1.221157e-09
1016,155825.0,6796,-1.6909128,1.9646114,3.546234,481958.94,3.4490876986462626,0.0048851566,0.043319833,0.0058966577,1.0,1.2226445e-09
1017,155875.0,6539,-1.6607689,1.9702319,3.5665288,497477.03,3.4425753173268085,0.00029407788,-0.0005946825,0.0057531614,1.0,1.2223553e-09
1018,155925.0,6619,-1.7078816,1.9559911,3.53969,477837.8,3.4388880495543135,0.0053676725,0.014328682,0.0059269513,1.0,1.2225685e-09
1019,155975.0,6736,-1.6951826,1.9587343,3.55738,483047.0,3.429334916864608,-0.0028069483,-0.006312697,0.005963112,1.0,1.222093e-09
1020,156025.0,6638,-1.6982206,1.9549826,3.5460389,490919.3,3.4525459475745706,0.009939111,-0.04131284,0.005898845,1.0,1.2216116e-09
1021,156075.0,6662,-1.6876131,1.9672725,3.5309668,478812.06,3.4587211047733413,0.006515667,0.044641167,0.005806006,1.0,1.2214986e-09
1022,156125.0,6677,-1.7210411,1.9447379,3.5306573,476885.7,3.444361240077879,-0.0034483918,0.045228604,0.0060426067,1.0,1.2224723e-09
1023,156175.0,6668,-1.6918986,1.956742,3.546294,490607.4,3.457258548290342,-0.005357727,-0.035349727,0.0059170965,1.0,1.2219562e-09
1024,156225.0,6643,-1.738401,1.9483298,3.534078,478335.06,3.458226704802047,0.010178081,-0.012466613,0.005821373,1.0,1.2208166e-09
1025,156275.0,6677,-1.6633258,1.9575039,3.5310683,478112.34,3.40572113224502,-0.0114964945,-0.031318687,0.0059191617,1.0,1.2214285e-09
1026,156325.0,6629,-1.7206451,1.9632059,3.5297234,476699.9,3.467491325991854,0.007489284,-0.03968824,0.00591961,1.0,1.219805e-09
1027,156375.0,6652,-1.691682,1.9732556,3.549933,487939.53,3.4766987372218883,0.001532422,-0.043250676,0.0059196027,1.0,1.2210094e-09
1028,156425.0,6591,-1.7209533,1.9597385,3.5279682,479082.47,3.4657866788044305,0.0002102948,0.01995234,0.0060304524,1.0,1.2227492e-09
1029,156475.0,6754,-1.6788596,1.9536614,3.5564969,491090.0,3.435445661830027,0.010588217,-0.0013960012,0.0057745147,1.0,1.2218322e-09
1030,156525.0,6579,-1.6871803,1.954819,3.5465806,479333.78,3.4397324821401427,-0.0017202089,-0.009845134,0.0058615063,1.0,1.2208767e-09
1031,156575.0,6519,-1.7137433,1.9545645,3.5457807,476865.12,3.4609602699800583,0.0054745744,-0.018199852,0.0059488635,1.0,1.2222525e-09
1032,156625.0,6708,-1.7300456,1.972476,3.5314817,477804.2,3.4557245080500896,-0.008572175,-0.077630416,0.005873321,1.0,1.2211868e-09
1033,156675.0,6736,-1.6898781,1.9806646,3.5497267,487822.9,3.459768408551069,-0.014153119,0.016219307,0.006033898,1.0,1.2229207e-09
1034,156725.0,6657,-1.687567,1.9567881,3.5351157,479964.7,3.45861499173802,-0.006786935,0.0018442508,0.005904839,1.0,1.2206908e-09
1035,156775.0,6557,-1.7071939,1.9449648,3.5432389,478932.78,3.4364800976056125,0.005806497,-0.010824196,0.005917973,1.0,1.222336e-09
1036,156825.0,6643,-1.7049147,1.9763092,3.544174,480226.53,3.4216468463043808,-0.005370715,0.02657844,0.0056179785,1.0,1.221625e-09
1037,156875.0,6535,-1.7170846,1.9613426,3.566747,487444.06,3.485539403213466,0.0013850556,0.07189263,0.0060900366,1.0,1.2198721e-09
1038,156925.0,6468,-1.7118846,1.9556838,3.548297,485978.3,3.4633580705009277,0.007897286,-0.011351166,0.005908111,1.0,1.221839e-09
1039,156975.0,6514,-1.7179638,1.9729314,3.5618753,482275.62,3.44688363524716,-0.0038700488,-0.035178322,0.0060099093,1.0,1.2214966e-09
1040,157025.0,6560,-1.7037724,1.9599482,3.5408273,481698.88,3.4583841463414635,-0.007831667,-0.02220194,0.0059120585,1.0,1.221409e-09
1041,157075.0,6461,-1.6838506,1.9682674,3.5440905,487943.38,3.431821699427333,-0.005124004,0.011702322,0.005831736,1.0,1.2208325e-09
1042,157125.0,6448,-1.687696,1.9744653,3.567795,491629.94,3.4106699751861043,-0.0072755446,0.01641657,0.0057795113,1.0,1.2230875e-09
1043,157175.0,6371,-1.7102783,1.9762578,3.5546117,483628.38,3.4432585151467587,0.0060138083,0.00035927567,0.0059147663,1.0,1.2221713e-09
1044,157225.0,6571,-1.733757,1.949877,3.5534596,484071.0,3.4413331304215493,-0.00030691482,0.025856482,0.005747692,1.0,1.2218997e-09
1045,157275.0,6590,-1.7046723,1.9466699,3.5569293,488576.7,3.466919575113809,-0.008600885,0.027820295,0.00593074,1.0,1.2209936e-09
1046,157325.0,6516,-1.6881495,1.9335965,3.533578,482585.4,3.414825046040516,0.0070310873,0.0023969782,0.0060247,1.0,1.2222356e-09
1047,157375.0,6491,-1.7146416,1.9610102,3.5723302,481597.6,3.411646895701741,-0.0063559883,-0.043139726,0.0060329298,1.0,1.2216009e-09
1048,157425.0,6532,-1.7210935,1.9594314,3.5539274,484480.78,3.437844458052664,0.0035643775,0.036466736,0.005849395,1.0,1.2225276e-09
1049,157475.0,6518,-1.7317911,1.9630059,3.5694854,488191.28,3.436023320036821,-0.0034693794,0.0028018872,0.005837741,1.0,1.2222322e-09
1050,157525.0,6567,-1.7073896,1.9474554,3.5548158,485751.3,3.4545454545454546,-0.0071438714,0.012794898,0.005777975,1.0,1.22102e-09
1051,157575.0,6408,-1.726252,1.948792,3.5546117,477343.12,3.472378277153558,-0.0044930144,0.04854627,0.005834566,1.0,1.2198826e-09
1052,157625.0,6419,-1.7062529,1.9522496,3.555014,480241.1,3.4327776912291634,-0.002687193,-0.055819742,0.005752148,1.0,1.222597e-09
1053,157675.0,6518,-1.7166247,1.9398464,3.5504065,482675.78,3.449524393985885,0.0010472083,0.021470629,0.006052935,1.0,1.2215279e-09
1054,157725.0,6432,-1.7252452,1.9589823,3.5483198,480135.28,3.4037624378109452,-0.010751583,0.016078373,0.0059130653,1.0,1.2206645e-09
1055,157775.0,6539,-1.695028,1.9590441,3.553667,486415.66,3.441810674415048,-0.00035097965,-0.01015004,0.0058417693,1.0,1.2221671e-09
1056,157825.0,6325,-1.7415588,1.9770025,3.5421338,478577.94,3.4619762845849804,0.005034603,-0.0031346797,0.0060452586,1.0,1.221094e-09
1057,157875.0,6418,-1.6861138,1.9544901,3.5542426,483299.2,3.44016827672172,0.0059628068,0.007922194,0.005796961,1.0,1.220654e-09
1058,157925.0,6472,-1.6799929,1.9485362,3.5456676,481978.16,3.447620519159456,-9.515635e-06,-0.0114043895,0.006055081,1.0,1.2202486e-09
1059,157975.0,6491,-1.7190014,1.9685756,3.5427473,480411.2,3.4171930365120935,0.0059596137,-0.0209493,0.005907096,1.0,1.2218977e-09
1060,158025.0,6265,-1.7175987,1.9394852,3.5550401,483059.78,3.404948124501197,-0.007093445,0.017043853,0.0059724837,1.0,1.2224098e-09
1061,158075.0,6459,-1.7031368,1.9813195,3.5347993,482071.78,3.4274655519430253,-0.013389312,0.0054114745,0.0061932453,1.0,1.2223589e-09
1062,158125.0,6266,-1.7153512,1.9695247,3.5490553,479059.38,3.462336418767954,-0.0021493312,-0.013424414,0.005819901,1.0,1.2216522e-09
1063,158175.0,6407,-1.7058408,1.9411693,3.5441842,483396.97,3.4209458404869673,0.007370579,0.008927635,0.00600506,1.0,1.220111e-09
1064,158225.0,6349,-1.6719161,1.9588195,3.5451074,481784.66,3.4591274216412033,-0.010399088,0.04603576,0.0059435614,1.0,1.2200996e-09
1065,158275.0,6486,-1.7148865,1.9718988,3.5397758,480855.38,3.444495837187789,0.002126703,-0.022689113,0.0057229917,1.0,1.2212458e-09
1066,158325.0,6391,-1.6977884,1.9545968,3.5275767,479529.8,3.426693788139571,-6.7513756e-05,-0.0136697935,0.0058648614,1.0,1.221847e-09
1067,158375.0,6405,-1.6991965,1.9640676,3.5362387,481693.44,3.453864168618267,-0.0025693162,0.018287323,0.005993293,1.0,1.220658e-09
1068,158425.0,6341,-1.7189279,1.9566038,3.5531287,488953.06,3.4524522945907585,0.0012679994,0.03820994,0.0059238416,1.0,1.2211585e-09
1069,158475.0,6212,-1.705641,1.9482579,3.5723424,491099.3,3.4298132646490664,-0.0013037836,-0.007854867,0.005979418,1.0,1.2213707e-09
1070,158525.0,6297,-1.7457604,1.9405817,3.5673606,488008.5,3.4449737970462126,0.006366519,-0.00022344368,0.0060411375,1.0,1.222188e-09
1071,158575.0,6433,-1.7073073,1.9506661,3.5339563,479483.62,3.462148297839266,-0.008218638,-0.014817666,0.005878989,1.0,1.2208636e-09
1072,158625.0,6358,-1.6994851,1.9595721,3.557339,486372.1,3.421830764391318,0.00033460875,-0.004444279,0.0057668285,1.0,1.221695e-09
1073,158675.0,6346,-1.710805,1.952272,3.5304937,473449.34,3.455562559092342,0.0062394007,0.013445691,0.0058013615,1.0,1.2226458e-09
1074,158725.0,6275,-1.6883743,1.9465936,3.569165,497710.22,3.478406374501992,0.0041598757,-0.055120155,0.005998664,1.0,1.2235737e-09
1075,158775.0,6140,-1.6950302,1.9624158,3.545486,489054.8,3.451791530944625,0.0027075233,0.021512315,0.006046569,1.0,1.2214013e-09
1076,158825.0,6423,-1.695295,1.9534972,3.5279863,478829.53,3.451502413202553,0.0001742889,0.050764635,0.005991799,1.0,1.2225387e-09
1077,158875.0,6249,-1.6919752,1.9441882,3.5456247,478927.5,3.4122259561529846,0.0038560638,0.018304309,0.005875539,1.0,1.2222034e-09
1078,158925.0,6219,-1.723315,1.9693682,3.5346713,482366.78,3.4754783727287344,-0.019785019,-0.015787616,0.0059349,1.0,1.2227e-09
1079,158975.0,6307,-1.7199844,1.9685535,3.5286505,482452.94,3.464246075788806,0.004249952,-0.031904023,0.0056480407,1.0,1.2232554e-09
1080,159025.0,6243,-1.6817427,1.9595681,3.573847,495041.5,3.459554701265417,0.006152209,0.010175151,0.0059648165,1.0,1.2213739e-09
1081,159075.0,6248,-1.7244744,1.9588662,3.5365806,481658.1,3.441901408450704,-0.0061776275,0.021239487,0.0059313737,1.0,1.2197088e-09
1082,159125.0,6201,-1.7098154,1.9563637,3.5355418,479468.94,3.4260603128527656,0.004548356,0.030977005,0.005769386,1.0,1.2212275e-09
1083,159175.0,6419,-1.6709881,1.9657618,3.5351608,488245.75,3.4344913537934256,0.005421361,-0.031850755,0.006042896,1.0,1.2222331e-09
1084,159225.0,6230,-1.7296888,1.9717818,3.5280259,489829.25,3.488443017656501,0.003724064,-0.022393301,0.0059264475,1.0,1.2217809e-09
1085,159275.0,6144,-1.7384979,1.9664792,3.5359697,473724.12,3.4319661458333335,-0.013400521,0.03518295,0.005820811,1.0,1.2214277e-09
1086,159325.0,6313,-1.7158946,1.9457735,3.5575292,495808.25,3.438618723269444,0.0037465242,-0.021743583,0.0058846544,1.0,1.2200098e-09
1087,159375.0,6267,-1.7109674,1.9652317,3.5590222,489086.5,3.4311472794000317,-0.012596285,-0.005375911,0.0060453285,1.0,1.221922e-09
1088,159425.0,6142,-1.7479521,1.9579892,3.535588,476137.94,3.4376424617388475,-0.0028630998,0.013278682,0.0061148037,1.0,1.2216782e-09
1089,159475.0,6352,-1.7123842,1.9782784,3.5236986,482143.03,3.4119962216624686,0.0062298956,-0.06158431,0.00587689,1.0,1.2214599e-09
1090,159525.0,6132,-1.6962285,1.9730868,3.5356688,484346.88,3.4504240052185255,0.00888999,0.0302175,0.0060348,1.0,1.2225985e-09
1091,159575.0,6106,-1.7108898,1.9566611,3.5273046,481347.84,3.4130363576809697,-0.005812551,0.0031570743,0.0058207763,1.0,1.222548e-09
1092,159625.0,6170,-1.7033631,1.9699802,3.541183,485327.22,3.453646677471637,0.007178659,-0.008849608,0.0059366804,1.0,1.2225456e-09
1093,159675.0,6268,-1.7220851,1.9388561,3.5212536,481596.56,3.4684109763880024,-0.0052182507,-0.06227094,0.005991906,1.0,1.2209426e-09
1094,159725.0,6225,-1.7017155,1.9487476,3.5632646,479141.8,3.4483534136546186,0.0065459292,-0.011272878,0.0056471894,1.0,1.2221684e-09
1095,159775.0,6243,-1.7064906,1.9756798,3.5559573,487352.16,3.422713439051738,0.012023359,-0.02519814,0.006058881,1.0,1.2225689e-09
1096,159825.0,6180,-1.7299442,1.9493531,3.5442753,479413.7,3.451294498381877,-0.0012369239,-0.016273864,0.0061598797,1.0,1.2226393e-09
1097,159875.0,6099,-1.7278495,1.96384,3.5649662,478626.56,3.394326938842433,0.004216889,-0.014799957,0.0057049044,1.0,1.222464e-09
1098,159925.0,6176,-1.7092164,1.9702251,3.5363925,485895.03,3.454663212435233,0.0055845403,-0.0004909759,0.005860962,1.0,1.219773e-09
1099,159975.0,6291,-1.745189,1.9401255,3.530164,477177.56,3.4641551422667303,0.0134112,-0.00037137483,0.005813695,1.0,1.2217362e-09
