HiggsM,DNN_score,Frequency,DPhi_jj,Eta_jj,M_jj,Njets,OO1
115000.0,-1.5057429,17631.682,2.0200868,3.57298,455932.22,3.354768,-0.0024532566
115000.0,-1.486484,16127.7,2.000818,3.582,462168.25,3.3547623,-0.0009510803
115050.12531328319,-1.517718,17327.395,2.0110142,3.5756638,459777.6,3.367784,-0.000494164
115100.25062656641,-1.4948437,18352.76,2.0363758,3.5650394,456327.66,3.3303907,0.006349743
115150.37593984962,-1.5086279,17855.926,2.0200624,3.5800772,458069.84,3.3510063,0.0008642482
115200.50125313284,-1.5141684,18124.758,2.007832,3.5925634,461586.9,3.3348937,0.001729535
115250.62656641603,-1.5240631,17030.99,2.020894,3.5781474,458995.03,3.356768,0.0024222452
115300.75187969925,-1.5227906,17011.371,2.009155,3.580473,459207.12,3.3416905,-0.003095068
115350.87719298246,-1.4941236,17731.828,2.0106742,3.5715032,461638.22,3.3793788,-0.006911784
115401.00250626568,-1.5298846,18331.873,2.0230794,3.5749116,460411.62,3.3670645,-0.00030622017
115451.12781954887,-1.5299308,17803.56,2.0213914,3.5587425,454995.3,3.3474567,-0.0009149332
115501.25313283206,-1.5409311,15645.88,2.0182114,3.5588405,461428.03,3.3581634,-0.004412907
115551.37844611528,-1.5251751,18042.58,2.0111904,3.5746422,456994.2,3.357292,-0.0009102631
115601.50375939849,-1.523301,16225.785,2.010144,3.5741112,462355.03,3.3560486,0.0011844288
115651.62907268171,-1.5107597,17999.05,2.034836,3.5668042,458302.28,3.3374841,-0.0029771442
115701.7543859649,-1.4848788,17507.723,2.0192056,3.5859904,459965.25,3.3461888,0.002238323
115751.87969924812,-1.4970402,18113.625,2.0120935,3.567205,456684.2,3.365249,-0.004882026
115802.00501253133,-1.5073608,17460.549,2.0178373,3.5766919,458952.84,3.3619504,-0.004452472
115852.13032581452,-1.5190604,16549.854,2.0123053,3.5657976,452983.3,3.3690925,0.0070261313
115902.25563909774,-1.5104592,16525.436,2.0317793,3.5575078,457514.72,3.366875,0.0014032205
115952.38095238095,-1.5003902,17747.02,2.02532,3.5608556,453797.38,3.3703206,0.002799552
116002.50626566417,-1.5117733,16749.39,2.0201113,3.5730069,462396.9,3.361489,0.002759152
116052.63157894736,-1.5278436,17576.969,2.0282972,3.5459902,454096.53,3.3327003,-0.003826427
116102.75689223058,-1.4968895,15672.283,2.0287766,3.6027894,463513.28,3.364045,0.0025387937
116152.88220551379,-1.5284703,17627.67,2.0413685,3.5597978,458350.3,3.3726485,-0.00042233642
116203.00751879698,-1.5063136,17594.406,2.0049767,3.603498,464532.2,3.3712084,0.00027953196
116253.1328320802,-1.5160367,17547.559,2.0176601,3.57088,458117.94,3.337759,0.0048903483
116303.2581453634,-1.5067054,16022.384,2.0249293,3.5594556,451903.53,3.3799667,0.00033041483
116353.38345864663,-1.5016521,17564.008,2.0167036,3.5860734,463337.8,3.3526814,0.0016200708
116403.50877192982,-1.5274006,16669.848,2.0149693,3.584059,457976.12,3.3538196,-0.0046338155
116453.63408521304,-1.5197499,17007.996,2.0301073,3.5713644,456996.12,3.3528461,0.0021188122
116503.75939849623,-1.5147303,16579.436,2.0222993,3.5865169,464049.72,3.3648636,-0.0025159805
116553.88471177944,-1.516474,16937.596,2.0043721,3.593446,473191.2,3.350139,0.0013348879
116604.01002506266,-1.5233443,17206.264,2.027749,3.561374,457571.47,3.353142,-0.0029650945
116654.13533834585,-1.5300487,16221.359,2.0263205,3.5648348,461880.72,3.3696237,-0.00091835123
116704.26065162907,-1.4897662,17934.703,2.010542,3.5863342,461048.62,3.3791995,-0.0011373203
116754.38596491228,-1.5500898,16165.166,2.0271711,3.581445,462573.75,3.3559794,-0.0022907008
116804.5112781955,-1.5275073,16655.986,1.999697,3.5716105,456783.97,3.3555014,0.00032792354
116854.63659147869,-1.5025121,17651.213,2.0145833,3.5757995,459986.12,3.3773162,0.0010840136
116904.7619047619,-1.5357852,17400.95,2.0116866,3.5473104,459086.44,3.3392823,-0.0023678737
116954.88721804511,-1.5422652,16484.113,2.0165906,3.5710855,455323.2,3.3557527,0.0027446859
117005.0125313283,-1.5234869,16556.467,2.0220118,3.5777678,464465.75,3.3752198,-0.0034007526
117055.13784461153,-1.5226238,17512.764,2.0175767,3.5896983,462204.56,3.3543148,-0.0038316655
117105.26315789473,-1.4945704,16618.459,2.0237975,3.559435,462184.84,3.3506727,-0.00081816927
117155.38847117795,-1.5551045,16916.822,2.0288808,3.5559053,457933.16,3.3667834,-0.004776276
117205.51378446115,-1.503977,17274.73,2.009061,3.5855386,464470.22,3.3340905,0.0038405915
117255.63909774435,-1.4922239,16939.271,2.0124,3.5803342,463788.25,3.348399,0.0036034836
117305.76441102757,-1.5492109,17213.129,2.02746,3.569923,457493.25,3.3621433,-0.0017277062
117355.88972431076,-1.540557,16783.133,2.0129218,3.5634446,462383.47,3.368144,0.0042087743
117406.01503759398,-1.5399162,16274.75,2.0221975,3.5837955,460105.62,3.372917,-0.0006413121
117456.14035087719,-1.5340544,16024.3955,2.0154817,3.564066,461037.03,3.3664303,0.0013355108
117506.26566416041,-1.5271378,16390.629,2.0138464,3.578157,463953.66,3.3744178,0.001311255
117556.3909774436,-1.5006721,17519.06,2.0155487,3.570725,452500.44,3.36704,-0.009460493
117606.51629072682,-1.5104904,16513.07,2.0305696,3.5769234,457037.78,3.3719122,-0.0022013444
117656.64160401002,-1.5569972,16472.541,2.0167747,3.5714996,459301.7,3.3459184,0.0026732073
117706.76691729322,-1.5644408,16652.7,2.0371666,3.5686228,456759.03,3.3745162,0.0028143947
117756.89223057644,-1.5172578,16315.236,2.0173376,3.5858564,463212.44,3.369319,-0.007234134
117807.01754385963,-1.5014027,15853.572,2.0256135,3.5624802,458645.5,3.3750064,-0.0007813459
117857.14285714286,-1.5225266,16697.299,2.0149188,3.5966551,471614.44,3.3694332,-0.009661843
117907.26817042606,-1.5027422,18349.094,2.0085845,3.586849,458184.97,3.3563263,0.00088626944
117957.39348370928,-1.5106972,15493.312,2.000002,3.5576715,466068.47,3.3758395,0.004391913
118007.51879699247,-1.5325387,16290.799,2.007286,3.5709949,462395.03,3.3809755,0.00033413246
118057.64411027568,-1.5321966,16989.34,2.0031655,3.5850894,462888.56,3.379772,-0.007171355
118107.7694235589,-1.5426598,15388.367,2.0278342,3.5686634,461941.1,3.3697588,0.0026529946
118157.89473684209,-1.516719,16911.092,2.003584,3.563835,452881.1,3.3675117,0.0029690508
118208.02005012531,-1.5343063,16621.482,2.0111096,3.5646124,456494.78,3.3578959,0.0024860147
118258.14536340852,-1.494601,14927.498,2.0226376,3.5895305,465663.38,3.3558977,0.0050302623
118308.27067669174,-1.5340761,16469.973,2.0164573,3.5717392,466048.38,3.3807702,0.0033983875
118358.39598997493,-1.5365824,16289.493,2.014742,3.581249,463852.38,3.3694055,0.0033917162
118408.52130325815,-1.5271488,14905.126,2.0184357,3.5576258,460526.3,3.3635597,-0.0020942206
118458.64661654136,-1.5591486,16157.15,2.018264,3.5557365,458895.78,3.3572087,-0.0022635695
118508.77192982455,-1.5203975,17553.164,2.0085046,3.551847,459235.28,3.3386288,-0.00082496036
118558.89724310777,-1.5628256,16373.384,2.0101442,3.5660076,459520.94,3.3786483,0.000981259
118609.02255639096,-1.521772,16558.016,2.0217216,3.5732741,462212.1,3.3624144,-0.0039058977
118659.1478696742,-1.5228691,16320.851,2.0041697,3.5803277,459295.44,3.353766,-0.0013050707
118709.27318295739,-1.5350188,16527.836,2.0007353,3.5664992,459911.38,3.3736413,0.004284655
118759.39849624061,-1.5123259,16935.549,2.015533,3.581258,462985.03,3.3645852,-0.00038463337
118809.5238095238,-1.552482,15473.156,2.011312,3.5600533,449277.2,3.366317,0.010184449
118859.64912280701,-1.5426445,16393.135,2.010885,3.5698123,465676.25,3.3684394,-0.0051407465
118909.77443609023,-1.5203933,16445.91,2.0080802,3.576227,473488.44,3.3712108,-0.0026251988
118959.89974937342,-1.5409291,16550.166,2.0088348,3.5758352,463788.97,3.343623,0.005978012
119010.02506265664,-1.518861,16145.037,2.0077164,3.5677774,460486.03,3.369205,-0.0018263578
119060.15037593985,-1.5456756,15563.0625,2.0121775,3.5596232,465776.56,3.3744957,0.0072551216
119110.27568922307,-1.5556574,15608.63,2.0165608,3.5682037,455303.66,3.356441,0.0056672357
119160.40100250626,-1.5246009,15080.942,1.9964292,3.5840452,472432.88,3.3752072,-0.0020882138
119210.52631578947,-1.520412,16526.375,2.0148234,3.5825474,463132.12,3.370576,-0.0013359934
119260.65162907269,-1.5296558,16293.41,2.012059,3.5570738,458303.84,3.3851204,0.0044920286
119310.77694235588,-1.5651027,16359.893,2.0048282,3.5580552,457093.94,3.3956425,-0.0034923272
119360.9022556391,-1.5358024,15772.394,1.9970609,3.5793607,463290.5,3.3663013,-0.0049294685
119411.0275689223,-1.543152,16295.026,2.011364,3.5905328,463741.22,3.3690953,-0.0033096476
119461.15288220553,-1.5331166,16303.7705,2.0088775,3.5903955,465587.84,3.3835511,0.0001169097
119511.27819548872,-1.5358853,15802.799,1.9982122,3.5710936,458803.34,3.3756504,-0.007628064
119561.40350877192,-1.533246,16792.73,2.0093827,3.5775595,463725.7,3.3753145,6.17035e-05
119611.52882205514,-1.5606245,16995.379,2.024649,3.560509,463762.34,3.3716211,-0.0005758754
119661.65413533834,-1.5217812,16316.21,2.019856,3.5859919,461876.2,3.3806648,0.0038569968
119711.77944862156,-1.516262,15251.307,2.0031154,3.5784383,467714.06,3.3497267,-0.0016425233
119761.90476190475,-1.5269392,16212.575,2.0162098,3.5724504,458898.5,3.3655622,-0.005552489
119812.03007518798,-1.5288265,15784.012,2.0145862,3.5872,465826.8,3.3697493,3.0870717e-05
119862.15538847118,-1.550698,15482.848,2.023455,3.552172,462920.7,3.3691926,-0.0033970487
119912.28070175437,-1.5431962,15262.896,2.0054877,3.5692048,464548.4,3.3629646,0.009186324
119962.40601503759,-1.5550327,16303.707,2.014309,3.5633886,463246.38,3.3756266,-0.00050509436
120012.5313283208,-1.5328165,15900.058,2.0154696,3.5693936,461060.94,3.3848443,0.0042412486
120062.65664160402,-1.5352212,16726.533,2.0283642,3.5639021,458424.72,3.3636813,-0.0021385027
120112.7819548872,-1.5547869,15812.205,2.0187902,3.5826774,466188.25,3.3837347,-0.0029356657
120162.90726817043,-1.5604827,15867.448,2.0099022,3.5752475,463740.44,3.3985443,-0.005298096
120213.03258145363,-1.5317025,16579.06,2.0164366,3.5762944,461565.25,3.365234,-0.0095864395
120263.15789473683,-1.55461,15337.252,2.0204394,3.5371609,458791.9,3.3518476,-0.0015810911
120313.28320802005,-1.5443625,14944.05,2.013605,3.5721843,458483.16,3.3741453,0.0014898159
120363.40852130325,-1.5510496,13798.173,2.0206363,3.575898,464513.66,3.3742585,0.0051876237
120413.53383458647,-1.5351348,15683.21,2.0142596,3.5734572,460970.53,3.366083,-0.0007324471
120463.65914786966,-1.5441273,15908.466,2.0192502,3.577205,461860.8,3.3935616,-0.005614023
120513.78446115289,-1.5486176,15898.462,1.9859034,3.5791698,462709.97,3.394634,0.0019014118
120563.90977443609,-1.513186,15320.285,2.0061038,3.5847638,464528.16,3.362007,-0.00072428834
120614.03508771928,-1.5530907,15284.068,2.0062518,3.5684423,462333.2,3.3938136,0.0048067602
120664.1604010025,-1.5422791,15688.986,2.0020196,3.576383,464647.03,3.3937085,-0.0019687405
120714.28571428572,-1.532247,15583.861,1.9950155,3.5638387,458454.56,3.372425,-0.0013826706
120764.41102756893,-1.5524557,14269.076,2.0174162,3.5688415,462807.62,3.3938391,0.002224775
120814.53634085212,-1.5304723,15115.956,2.021232,3.5535371,463564.4,3.3608015,-0.0009301441
120864.66165413534,-1.5250237,15649.248,2.0088475,3.5777164,466625.06,3.3589935,-0.003138902
120914.78696741853,-1.5446455,16063.245,2.0132132,3.5510597,454993.22,3.3820832,-0.0024916949
120964.91228070177,-1.5598891,16557.264,2.0082293,3.5456827,459054.1,3.3608594,-0.00034323192
121015.03759398496,-1.5590401,14738.516,2.017207,3.578669,466867.12,3.3469675,0.007409268
121065.16290726818,-1.575521,14032.556,2.0201807,3.5874183,462012.78,3.3899884,0.0005932575
121115.28822055137,-1.5131942,14852.262,2.011519,3.5792365,462976.5,3.376337,-0.005657447
121165.41353383458,-1.5317467,16050.732,2.014063,3.574043,464874.25,3.3606503,-0.002280173
121215.5388471178,-1.5729603,15366.327,2.0071123,3.5695558,461316.66,3.3917522,-0.0024860841
121265.664160401,-1.5335699,14750.373,2.0234644,3.5725026,465074.12,3.3636155,0.002899935
121315.78947368421,-1.5640839,14526.032,2.0138154,3.5796006,456927.75,3.4010699,-5.2317424e-05
121365.91478696742,-1.5362785,14730.568,1.9958123,3.5821066,465101.5,3.3631332,-0.0010498881
121416.04010025064,-1.5504721,15601.141,2.007723,3.5757976,463597.88,3.372877,-0.0071847
121466.16541353383,-1.5451521,15117.001,2.0115614,3.5625203,463916.62,3.3818,0.007919542
121516.29072681704,-1.5599838,14867.146,2.0107033,3.5806022,472138.5,3.3832405,-0.004675569
121566.41604010026,-1.5273923,14487.992,2.0144565,3.5652459,467521.6,3.3698313,-0.0041207895
121616.54135338345,-1.5438598,14773.209,2.0070693,3.5516481,461058.72,3.3412552,0.00774015
121666.66666666667,-1.5544012,14944.442,2.0165074,3.5705354,468811.12,3.3712196,0.0040177954
121716.79197994988,-1.5825202,14942.468,2.0104597,3.5748155,462475.84,3.3779473,0.0030214726
121766.9172932331,-1.5523106,15387.044,2.0014465,3.5823205,469317.4,3.361408,0.00075653463
121817.04260651629,-1.5380124,15851.07,2.0147524,3.5603514,465866.16,3.391585,-0.0064958143
121867.16791979948,-1.550786,15661.219,2.0075386,3.580446,467964.12,3.3546712,0.0019349692
121917.29323308272,-1.5280911,15190.014,2.0060542,3.5736032,467892.2,3.355475,0.006005634
121967.41854636591,-1.5649546,15879.137,2.0059614,3.5819771,462588.25,3.380021,-0.0015391224
122017.54385964913,-1.5417147,15832.571,1.9987319,3.5613856,452974.44,3.387644,0.0090166535
122067.66917293232,-1.5620853,15226.8,2.0122287,3.5514612,458706.97,3.3876429,0.0017451098
122117.79448621556,-1.5538019,15140.221,2.0164592,3.5801132,469849.44,3.3928246,-0.0044435184
122167.91979949875,-1.5438448,15056.736,2.011955,3.5403712,460552.84,3.3780801,0.007873701
122218.04511278194,-1.5693159,13954.387,2.0216663,3.5443175,460678.47,3.3685105,-0.0010864397
122268.17042606516,-1.575306,13583.391,1.996799,3.5857491,463601.53,3.3880253,0.0013203662
122318.29573934837,-1.5529723,14751.317,2.0117276,3.550374,462528.4,3.3710787,0.0016426614
122368.42105263159,-1.5587692,13906.914,1.9910121,3.5645459,457237.3,3.3656898,0.00645345
122418.54636591478,-1.5195624,13796.899,1.9934717,3.5739992,462964.12,3.3746593,0.0022161133
122468.671679198,-1.5355201,14022.294,2.0109508,3.5709624,461216.53,3.3804965,0.0049273665
122518.7969924812,-1.5874387,14768.507,2.0045073,3.5540736,461880.66,3.368358,-0.0032306092
122568.9223057644,-1.5683188,13853.642,1.9939694,3.573447,458703.9,3.3953328,0.0055933213
122619.04761904762,-1.5573522,14680.655,2.0082524,3.5670903,467259.34,3.386108,0.003201371
122669.17293233082,-1.5172814,15015.094,2.0254312,3.5642881,467453.94,3.3949075,-0.008427213
122719.29824561405,-1.5399166,14741.681,2.0055723,3.5748303,463461.06,3.3738089,-0.0023483543
122769.42355889724,-1.5249156,15683.058,2.0016878,3.593998,466228.56,3.3885698,-0.0036882875
122819.54887218046,-1.5646927,15368.523,1.9926329,3.5826976,466014.1,3.388169,0.0022658554
122869.67418546366,-1.5448949,13953.201,2.0109994,3.5741901,464839.1,3.3706331,-0.0018677507
122919.79949874686,-1.5384468,14811.265,2.010935,3.595119,472232.94,3.3657322,-0.0004298723
122969.92481203008,-1.554304,14195.266,2.0129442,3.559387,463236.3,3.3953722,-0.0038677377
123020.05012531327,-1.5626353,14460.024,1.9864807,3.590639,467764.34,3.3801746,-0.0012736365
123070.1754385965,-1.5534104,14948.395,2.0164883,3.5744474,462922.7,3.4190907,-0.004381982
123120.3007518797,-1.5726955,13946.82,2.0157804,3.5578616,459044.25,3.3865175,-0.002325567
123170.42606516292,-1.5821488,14991.3,2.0047324,3.55908,460655.84,3.3609965,9.23308e-05
123220.5513784461,-1.5536357,16146.458,1.9915798,3.57695,462573.6,3.390087,-0.014556769
123270.67669172931,-1.5809859,14260.524,2.0165818,3.5584579,462806.78,3.366972,0.0025176501
123320.80200501253,-1.5517458,15096.535,2.0147989,3.5622215,460370.75,3.3683252,0.0014893792
123370.92731829575,-1.5567328,14542.704,2.0087738,3.5806901,464247.88,3.3775585,-0.004245471
123421.05263157895,-1.5737257,13656.772,1.99567,3.5518277,461094.94,3.3676908,-0.00056428363
123471.17794486215,-1.5861528,14677.71,1.9975175,3.5602539,461532.0,3.3673651,-0.0016043494
123521.30325814537,-1.5585878,14240.924,2.0013363,3.5758574,460962.22,3.3830602,-0.0026514942
123571.42857142857,-1.5575916,14781.99,2.025913,3.5403302,466319.47,3.3701544,0.0021825924
123621.55388471177,-1.5634886,14291.002,2.0141888,3.5540218,455269.78,3.3802438,0.0011734278
123671.67919799499,-1.5852731,14231.677,2.0166793,3.544277,458235.3,3.3982596,0.00053599663
123721.80451127821,-1.579658,13774.0205,2.0027292,3.5593228,463292.8,3.3625796,0.0027774107
123771.9298245614,-1.562562,13513.853,2.0006666,3.5813563,458718.7,3.3824372,-0.0040464485
123822.05513784461,-1.5809696,14374.558,1.9988862,3.58161,468076.7,3.380112,-0.006596324
123872.18045112783,-1.5442214,13331.311,1.9993682,3.5759132,461201.4,3.3637004,-0.005216373
123922.30576441102,-1.5312225,14130.042,2.0004857,3.5804925,461491.97,3.3596466,-0.00028891393
123972.43107769424,-1.5398932,14213.284,1.9946263,3.5692914,467869.97,3.3836622,-0.0070125395
124022.55639097745,-1.5706143,13995.412,2.000308,3.5606778,465052.28,3.3791025,-0.00085166027
124072.68170426067,-1.5696697,13835.003,2.015361,3.570359,464820.16,3.4016583,-0.0010512236
124122.80701754386,-1.5901104,14769.227,1.9916223,3.5723217,469445.03,3.354699,0.0034134893
124172.93233082705,-1.5715022,15069.84,2.015212,3.5516603,462178.84,3.382158,-0.002560951
124223.05764411029,-1.527884,14330.417,2.0084817,3.5674005,476194.9,3.3773496,0.004645137
124273.18295739348,-1.5510654,13874.688,2.017934,3.5985172,476071.2,3.3729572,-0.004248503
124323.3082706767,-1.5582674,15081.581,2.0048969,3.5864358,471804.6,3.3898313,-0.002681075
124373.4335839599,-1.5356519,14516.051,2.0019836,3.5766923,461207.0,3.3838503,-0.0047797114
124423.55889724311,-1.5885755,14765.615,1.9933785,3.560913,462418.75,3.3846385,0.00460017
124473.68421052632,-1.5898871,14320.832,2.0168378,3.5634036,466720.62,3.3888636,-0.0030605057
124523.80952380951,-1.5650783,14391.702,1.9998435,3.6022785,471950.88,3.3738487,0.0022571338
124573.93483709273,-1.5628924,13973.9375,2.0116684,3.5566473,466967.2,3.3799944,-0.0011301654
124624.06015037594,-1.5580401,13741.588,1.9925399,3.55345,463711.38,3.3857958,-0.00513242
124674.18546365916,-1.5546005,14507.483,2.0098,3.5702145,469457.3,3.3892267,0.0034626212
124724.31077694235,-1.5869977,13409.676,2.019049,3.5752947,460991.78,3.3749824,0.0065028
124774.43609022557,-1.5612679,14594.038,2.0004869,3.553607,463397.8,3.3885698,0.0013724861
124824.56140350878,-1.5663495,15719.102,2.014862,3.5595713,465707.2,3.3882751,0.0034078625
124874.68671679197,-1.5238382,13425.383,1.9953592,3.5975013,469905.1,3.395204,-0.009433224
124924.81203007519,-1.5617526,14564.323,2.0013669,3.5913637,467019.88,3.3807306,-0.00083320256
124974.9373433584,-1.5896417,13257.996,2.013715,3.5564315,460487.03,3.3875835,0.00041409096
125025.06265664162,-1.5227556,13134.946,2.0036619,3.596587,470280.34,3.3693242,0.002949953
125075.18796992481,-1.5751351,14040.0625,2.0032551,3.5715666,466289.3,3.3977656,0.0070078643
125125.31328320803,-1.5742444,13098.2295,1.9996946,3.5818813,465552.9,3.378687,0.00031363295
125175.43859649124,-1.5354378,11986.627,1.9977484,3.5693996,464266.12,3.3506663,0.00010245644
125225.56390977443,-1.5788838,13781.928,2.018387,3.571547,464103.03,3.3859646,-0.00088643975
125275.68922305765,-1.5933491,14221.078,2.0064974,3.5536046,464695.0,3.401649,-0.0023687652
125325.81453634084,-1.5567172,13144.077,1.9916905,3.564016,455731.8,3.381498,-0.0030905765
125375.93984962408,-1.553861,13789.946,1.9886372,3.5720751,464268.88,3.3857691,0.002932985
125426.06516290727,-1.5828911,14182.2705,2.0159903,3.5352917,464339.6,3.377305,0.002860404
125476.19047619049,-1.5807898,14619.67,1.9892193,3.5708523,464497.4,3.3983693,-0.0033463852
125526.31578947368,-1.5755857,12618.286,1.9980654,3.5709925,463170.84,3.3767726,0.004807969
125576.44110275689,-1.5807893,12808.006,2.019927,3.5579088,465479.22,3.3865628,0.0021153535
125626.5664160401,-1.6151568,13622.9375,2.0047874,3.5562387,459169.53,3.377281,0.0031970649
125676.6917293233,-1.5716517,14002.421,1.9966917,3.5540519,462163.84,3.3820307,-0.006182958
125726.81704260652,-1.5672585,14729.045,1.9931606,3.5695627,466255.97,3.3836994,-0.0023526691
125776.94235588973,-1.566359,14228.817,1.9977214,3.5646083,466588.38,3.3794003,0.0039250017
125827.06766917295,-1.5521387,12192.932,2.004507,3.5825872,474503.3,3.3835654,-0.0052060396
125877.19298245614,-1.5540627,12990.075,2.0115073,3.5558212,473014.75,3.3781476,0.010857426
125927.31829573934,-1.5820354,13559.165,1.9896393,3.564428,457899.97,3.3854978,0.002373736
125977.44360902256,-1.579957,14118.8125,2.0096214,3.5688248,466474.06,3.3943775,-0.0003559644
126027.56892230576,-1.5628215,14856.595,1.9993904,3.553464,462467.2,3.3750143,0.0017654082
126077.69423558898,-1.5910225,14307.488,1.9860541,3.588419,465652.5,3.3937752,-0.0008505431
126127.81954887218,-1.5961984,13077.3545,1.9894793,3.555714,465609.34,3.3760264,0.004801424
126177.9448621554,-1.5394735,13948.8545,1.9987601,3.574268,472206.53,3.3739064,-0.0006843936
126228.0701754386,-1.5638741,13925.073,2.0002348,3.576701,466719.3,3.3688707,9.279738e-05
126278.19548872179,-1.5599087,13275.844,2.0057147,3.5796368,469877.94,3.384481,-0.0037696029
126328.32080200502,-1.5626526,12647.716,2.0077662,3.571499,465225.03,3.3808603,0.003407781
126378.44611528824,-1.5473393,12996.604,1.9999409,3.5565283,465296.53,3.3979144,-0.003466783
126428.57142857143,-1.5809362,13340.475,2.0067651,3.5615067,464481.72,3.3986552,0.003111379
126478.69674185463,-1.5888051,13303.0205,1.9933246,3.5716863,470642.84,3.3904285,-0.0011217521
126528.82205513786,-1.5786589,14017.516,1.9984146,3.5526114,458135.8,3.4105659,-0.0059994454
126578.94736842105,-1.5731193,13102.156,2.008811,3.5709198,467584.06,3.3908074,0.003809795
126629.07268170427,-1.5929,13476.957,2.001087,3.5745027,467620.8,3.3898234,-0.0001972974
126679.19799498747,-1.6088251,13592.734,2.0030925,3.5596027,460980.1,3.3809667,-0.0020359056
126729.32330827069,-1.5497562,13929.541,2.0077941,3.5581374,465949.03,3.3861318,-0.0043721893
126779.4486215539,-1.5662402,12853.907,1.9804666,3.5771482,469697.3,3.385676,0.006559522
126829.57393483708,-1.5752547,13300.258,1.9975221,3.5689065,467677.3,3.3838015,-0.00045290595
126879.6992481203,-1.5815178,13564.949,2.0027463,3.5745893,467252.9,3.3795328,0.0016551455
126929.82456140351,-1.5822841,13046.043,2.002701,3.5808442,465580.28,3.3790739,0.00056818203
126979.94987468673,-1.5502942,13504.705,2.0082107,3.598598,471778.7,3.4155421,-0.002128103
127030.07518796992,-1.5624598,13286.457,1.9805175,3.5541406,463572.75,3.3682504,0.0047550295
127080.20050125314,-1.5810801,13463.751,1.9976852,3.566488,460772.5,3.3962402,-0.0029727118
127130.32581453635,-1.6057174,13295.525,1.9970453,3.564298,464874.6,3.3618703,0.0012650144
127180.45112781954,-1.5815161,12557.456,1.9920238,3.579762,468706.03,3.402455,-0.0036585913
127230.57644110276,-1.5722142,12667.954,2.0110254,3.5747793,471166.4,3.3945818,0.0019824896
127280.70175438597,-1.5802698,12777.199,2.000049,3.5575047,461721.56,3.3961294,0.006262197
127330.82706766919,-1.5688717,13372.848,1.9979177,3.574833,467631.34,3.3604865,0.0009965213
127380.95238095238,-1.5523896,13794.263,1.9922599,3.570887,476135.75,3.3610544,-0.0055419044
127431.0776942356,-1.6042973,14001.545,2.0135264,3.524314,457730.8,3.3755066,0.003568933
127481.20300751881,-1.5681581,12342.571,2.0079134,3.5425093,466398.34,3.3803413,0.002430297
127531.328320802,-1.5675015,13196.231,2.0127435,3.551464,459747.12,3.3784354,0.0031908408
127581.45363408522,-1.559197,13988.904,2.0013921,3.5749466,471751.53,3.4022508,-0.00088099914
127631.57894736841,-1.5876664,12782.178,2.0038471,3.5767295,467169.12,3.408339,-0.004982912
127681.70426065163,-1.5695215,11465.925,2.0114403,3.5521595,467585.9,3.4012787,-0.00080358546
127731.82957393484,-1.5745325,12608.02,1.9930588,3.565882,474661.97,3.382794,0.00013425876
127781.95488721806,-1.563121,13431.518,2.0000646,3.5714319,464194.3,3.3821435,-0.004182206
127832.08020050125,-1.5833982,12933.033,1.9886177,3.5709827,467763.9,3.3570125,0.0057599223
127882.20551378446,-1.5924305,13073.6455,2.0059254,3.5726268,467939.62,3.4108891,-0.0053987703
127932.33082706768,-1.561231,13512.718,2.0052085,3.568933,464108.6,3.3892782,0.0024346309
127982.45614035087,-1.5592005,13495.447,1.9904621,3.5815349,469930.7,3.4040112,0.00014058541
128032.58145363409,-1.5952578,13853.531,1.9742199,3.556932,463357.44,3.379163,0.009003498
128082.7067669173,-1.5711482,13265.487,2.0019479,3.5755875,474570.53,3.401352,0.008634286
128132.83208020052,-1.574846,12243.902,1.9976747,3.5632048,472369.38,3.3621624,0.004522662
128182.95739348371,-1.5524949,11536.093,1.9975997,3.5705557,465827.7,3.3777337,0.008767402
128233.08270676692,-1.5863805,12393.55,1.9979677,3.5771482,473816.84,3.3708873,0.0018501116
128283.20802005014,-1.6100957,11606.16,2.0057282,3.5658045,465840.06,3.3768525,-0.0012318627
128333.33333333333,-1.5810031,13296.472,1.9868796,3.5774014,467074.72,3.365308,0.010852394
128383.45864661655,-1.5735481,13254.7295,1.9952177,3.5576653,461564.1,3.3969157,-0.0060353563
128433.58395989976,-1.6278358,13010.173,1.9998615,3.5920024,478434.6,3.399136,0.0031208624
128483.70927318298,-1.5845088,12604.745,2.0095863,3.5562081,464972.7,3.3958135,-0.00059946335
128533.83458646617,-1.593173,12279.707,2.00671,3.5539243,467617.28,3.3820505,0.00035638918
128583.95989974936,-1.5632087,12683.801,1.9961586,3.5505216,464311.34,3.3679836,-0.002811377
128634.0852130326,-1.5515432,12558.235,2.010729,3.572072,468103.66,3.390753,-0.0074816886
128684.21052631579,-1.543715,13143.189,1.9853337,3.579939,483346.3,3.3769085,-0.004204609
128734.335839599,-1.5620074,12422.299,1.9997957,3.571545,469110.4,3.4017577,-0.0060946597
128784.4611528822,-1.56566,13450.237,1.9987864,3.524954,472403.3,3.3920789,0.0005442645
128834.58646616542,-1.5796517,11636.452,1.9963623,3.5828922,468658.38,3.4056005,0.004893437
128884.71177944863,-1.5946511,12430.825,2.0024848,3.5554333,468471.84,3.4179294,0.0013344791
128934.83709273182,-1.5777,12860.075,2.0253074,3.556947,467367.5,3.3869958,-0.004131038
128984.96240601504,-1.5876321,10947.175,1.9966661,3.556269,459973.66,3.3844025,-0.0019192949
129035.08771929824,-1.5921149,13382.604,1.9914294,3.5706866,465431.66,3.4115617,0.0028993571
129085.21303258147,-1.5706897,12027.482,1.9831572,3.5677822,465909.84,3.3927722,0.007165478
129135.33834586466,-1.5973476,12537.016,1.9894077,3.556582,467581.94,3.386717,-0.00014162247
129185.46365914788,-1.5855676,11335.574,1.9985256,3.5625803,471094.06,3.3750796,-0.003574321
129235.58897243108,-1.6043401,12709.789,2.0079215,3.5624373,467081.8,3.3902924,-0.0006254634
129285.7142857143,-1.5778009,13590.758,1.995717,3.5681207,464933.5,3.38628,0.005229851
129335.8395989975,-1.5725698,13585.592,1.9855181,3.5506318,467105.88,3.3542166,0.0036424021
129385.96491228072,-1.6015339,12775.468,1.9907593,3.5871634,471375.97,3.3720174,-0.0025487898
129436.09022556392,-1.6024503,12129.322,2.0016627,3.569809,466938.8,3.4058094,0.0019268169
129486.21553884711,-1.5782108,13979.832,1.9957149,3.5762753,479822.84,3.4024675,0.008252202
129536.34085213034,-1.6466941,10861.156,2.0080462,3.5786011,484153.8,3.410625,-0.010136985
129586.46616541354,-1.6126513,12067.431,1.9977993,3.56755,472878.4,3.3873212,0.0042929705
129636.59147869676,-1.6118976,11242.828,2.0021327,3.5643919,467432.1,3.3873274,-0.0037482867
129686.71679197995,-1.6063719,11814.59,1.9885813,3.5496757,459409.7,3.3955045,0.0023943982
129736.84210526317,-1.5906371,11099.638,2.0091634,3.5395606,460436.56,3.368726,-0.0027792375
129786.96741854638,-1.6098511,13149.407,2.0054677,3.568379,474311.44,3.374403,-0.005102486
129837.09273182957,-1.6221225,12271.054,2.0096562,3.564598,467576.44,3.3800404,0.001329259
129887.2180451128,-1.5614548,12542.634,2.0002146,3.5528238,466310.03,3.3890932,-0.0034206826
129937.34335839598,-1.5761458,11921.652,1.9799019,3.5802507,473400.9,3.386177,0.00015852731
129987.4686716792,-1.5929521,11900.212,2.0046175,3.5633543,460458.0,3.4093363,-0.0025011925
130037.59398496241,-1.5978842,12361.408,1.9887615,3.578993,464447.88,3.398534,-0.0043413425
130087.71929824563,-1.576207,12138.33,2.000214,3.5560994,464791.8,3.3721008,0.0053494927
130137.84461152882,-1.6019009,12543.178,1.9913416,3.5634427,468503.12,3.4033928,0.0027114754
130187.96992481203,-1.5832483,12778.328,1.9920982,3.5639346,469196.78,3.3631968,-0.0018539277
130238.09523809525,-1.5935,12615.604,2.0050738,3.5680866,468420.25,3.4169588,-0.00035173094
130288.22055137844,-1.5817938,11112.979,1.9944292,3.571284,471255.62,3.4022453,-0.006657417
130338.34586466166,-1.5991706,11769.815,1.9778011,3.5736477,463825.1,3.3796446,0.005605604
130388.47117794487,-1.5885305,12035.199,1.9928564,3.5746453,468813.6,3.415755,-0.0046323836
130438.59649122809,-1.5947157,11670.149,2.005032,3.5800898,466180.7,3.3877907,0.0026079568
130488.72180451128,-1.5477297,12379.723,1.9957561,3.5799918,481224.03,3.4004018,0.004828056
130538.84711779449,-1.5713599,12056.15,1.9787209,3.5758052,470733.12,3.374872,0.0074214013
130588.97243107771,-1.5740317,12442.918,2.0085135,3.5734973,472335.25,3.3980548,-0.0006156138
130639.0977443609,-1.5890534,12155.38,1.9929144,3.57671,468876.2,3.4181485,-0.00085915765
130689.22305764412,-1.6055601,12765.104,2.0054061,3.5529885,459313.06,3.3965418,-0.0067146523
130739.34837092733,-1.5948368,12846.45,1.9820443,3.579736,465532.3,3.418513,-0.0028077587
130789.47368421055,-1.58866,11647.418,1.991135,3.572485,469515.1,3.3673544,-0.0029554805
130839.59899749374,-1.5789315,12902.972,2.0030165,3.5365949,462421.38,3.3953187,-0.0090654595
130889.72431077693,-1.5972455,12179.924,1.9804169,3.5770934,467599.9,3.4149494,0.00025429385
130939.84962406015,-1.5700259,12889.378,2.0026815,3.5741196,472802.62,3.397755,-0.0057410803
130989.97493734336,-1.5606543,12537.322,1.983073,3.5697346,465095.62,3.3946047,0.009909659
131040.10025062658,-1.5795467,11064.393,1.9881405,3.5553222,474080.34,3.3760455,0.008144116
131090.22556390977,-1.559033,11760.84,2.0144708,3.5697527,463171.53,3.3854995,0.011634212
131140.350877193,-1.5817267,12855.4795,1.9876972,3.549492,464982.2,3.3905096,0.0031471236
131190.47619047618,-1.6160445,11753.36,2.0226927,3.5641856,466163.38,3.3819187,0.0032407586
131240.6015037594,-1.6043457,12090.634,1.9914192,3.5691357,465614.3,3.408596,0.0035481125
131290.72681704263,-1.6051314,10726.177,1.9974167,3.5858717,471924.25,3.3850007,0.0047666556
131340.8521303258,-1.5715075,12411.345,1.9853604,3.5944877,477177.28,3.379409,0.0010332784
131390.97744360904,-1.6021264,12893.849,1.9895108,3.5524867,461949.25,3.384455,0.005370416
131441.10275689224,-1.559758,12469.549,1.9805458,3.577383,479596.0,3.3812912,0.0016611341
131491.22807017545,-1.6456782,12052.52,1.9779335,3.5559087,462915.53,3.385798,0.004808001
131541.35338345866,-1.5880522,10950.198,1.9737216,3.5710762,464846.2,3.3899066,-0.0057369154
131591.47869674186,-1.6077614,12444.016,1.9846847,3.573875,470349.28,3.3947704,0.004374453
131641.60401002507,-1.6334095,12133.98,2.0071127,3.5633955,472042.53,3.3965433,-0.0010589586
131691.72932330827,-1.5993699,12015.269,1.9957321,3.5520256,461547.4,3.3898873,-0.0035314986
131741.85463659148,-1.5431359,9514.362,2.0050175,3.5670316,483860.2,3.411442,0.0063594044
131791.9799498747,-1.5665871,11682.482,1.9693677,3.5499237,466648.25,3.3832455,0.0054877135
131842.10526315792,-1.6275717,12513.727,1.9818152,3.5642998,470893.72,3.4159725,0.008803656
131892.2305764411,-1.584645,12113.433,1.9987774,3.5748782,480803.53,3.3808365,-0.0024081366
131942.3558897243,-1.5995594,12548.015,2.0207329,3.5514863,468990.4,3.4418938,-0.0052258386
131992.4812030075,-1.6059777,12219.264,1.9948416,3.5484905,466404.6,3.3614113,0.006864774
132042.60651629072,-1.6045222,11694.559,1.9780892,3.5820298,467385.22,3.3987045,0.0006832688
132092.73182957395,-1.6230378,11898.563,1.9975109,3.567323,473485.62,3.4035375,-0.003390433
132142.85714285713,-1.5923606,11208.19,1.9813809,3.5495353,472602.16,3.3849387,0.003629293
132192.98245614037,-1.6175172,12431.743,1.9807554,3.5837228,473108.75,3.3952923,0.0028013776
132243.10776942357,-1.5999943,12319.231,1.9775281,3.5719392,470526.4,3.4006407,-0.00427647
132293.23308270678,-1.6094661,12374.796,1.9935768,3.5653086,471282.03,3.4293904,-0.0033655814
132343.35839598998,-1.5584399,11509.649,2.018571,3.5506642,468030.56,3.412539,-0.0026591842
132393.4837092732,-1.5781366,12547.025,1.9888378,3.5747793,471791.4,3.3964121,-0.0058435844
132443.6090225564,-1.5813818,12488.147,1.9993542,3.5526345,467862.25,3.409145,0.0019106471
132493.7343358396,-1.588518,12089.5,2.0069046,3.5600643,467855.88,3.3813794,-0.0070887655
132543.8596491228,-1.5990844,12447.131,2.0089333,3.5795472,475400.16,3.4313176,0.0014092431
132593.98496240602,-1.6132607,12783.152,2.00626,3.5618703,473403.5,3.429875,-0.00046329698
132644.11027568922,-1.6059319,11538.233,1.9979866,3.5638592,466340.88,3.4052796,0.0027334944
132694.23558897243,-1.6240185,11910.584,2.007212,3.543828,469231.94,3.4098728,0.0006409064
132744.36090225566,-1.6160135,10762.472,1.9873186,3.5810535,477465.1,3.38494,0.0020964441
132794.48621553887,-1.623751,12634.664,1.9819812,3.5697854,463967.47,3.43474,-0.006616359
132844.61152882205,-1.6159985,11328.619,2.0051808,3.5388327,463851.22,3.397229,-0.0020634253
132894.73684210528,-1.5894504,10930.436,1.9855705,3.5572162,467897.38,3.3767285,-0.009047237
132944.8621553885,-1.6019025,11254.242,1.9915856,3.5545611,466340.97,3.4109645,0.0030988883
132994.98746867166,-1.5820769,11167.872,1.9929053,3.5687382,471734.22,3.3853214,0.006454289
133045.1127819549,-1.616925,11619.656,2.0062277,3.5563493,472568.72,3.3991103,-0.00044233727
133095.2380952381,-1.6020126,12196.952,1.9901233,3.5696201,469663.6,3.4363577,-0.004405216
133145.3634085213,-1.59045,11339.289,1.9967095,3.553793,464672.97,3.400463,0.0049377363
133195.48872180452,-1.5958434,12393.024,1.9867712,3.5735738,470198.56,3.4418156,-0.0024875556
133245.61403508772,-1.6437076,11967.781,2.0066056,3.5701935,475238.84,3.375629,-0.013825605
133295.73934837093,-1.6159858,11180.935,2.0086002,3.5713487,472031.22,3.3918462,-0.0056208964
133345.86466165414,-1.5630993,11318.906,1.997885,3.5902731,475808.6,3.409014,0.0030507557
133395.98997493734,-1.6257237,11069.732,1.9888598,3.5411732,462740.12,3.3966832,0.0003389053
133446.11528822058,-1.6202146,10821.454,1.9943389,3.5527806,464129.66,3.3799107,0.0023601023
133496.24060150376,-1.6077355,11355.737,1.9905007,3.5460496,464181.9,3.3725762,-0.009660738
133546.36591478696,-1.616437,11071.085,1.9812887,3.5646992,475671.1,3.3860219,0.0023874016
133596.4912280702,-1.6097314,10807.399,1.9818981,3.5683975,468684.2,3.3765256,0.0025129307
133646.61654135337,-1.6018207,11956.793,2.0060291,3.5569377,467532.2,3.4366848,0.0035992565
133696.7418546366,-1.6245639,12314.027,1.9992352,3.529681,469014.88,3.399676,0.001241343
133746.86716791982,-1.5960538,11477.369,1.9828129,3.574752,465658.2,3.4145684,-0.003208969
133796.99248120302,-1.6154913,11184.35,1.9926428,3.5749972,476816.53,3.428568,0.0062766075
133847.11779448623,-1.6085205,11687.87,1.9934268,3.5636916,468006.06,3.3958397,0.0016592207
133897.24310776943,-1.609918,11465.66,2.0008166,3.547902,468767.62,3.4122694,0.0009904344
133947.36842105264,-1.6220617,11461.367,1.9896461,3.564377,470073.1,3.41402,-0.007864295
133997.49373433588,-1.6291568,11502.012,1.9910476,3.5714855,476106.72,3.4185698,-0.004147309
134047.61904761905,-1.6090953,11304.557,1.9950166,3.582591,471701.7,3.4074292,0.009174299
134097.74436090226,-1.6132445,11812.969,1.9999226,3.5560205,463891.7,3.3811407,-0.00612504
134147.8696741855,-1.6154684,11370.543,1.998295,3.5545845,473088.0,3.3790545,-0.0050064903
134197.99498746867,-1.6052188,10752.27,1.9864559,3.5722451,467370.12,3.4051983,0.0050476263
134248.12030075188,-1.6176308,12362.537,1.9905994,3.5818014,472889.12,3.4288435,-0.0068088775
134298.24561403508,-1.6256801,10902.237,1.9885108,3.5635858,472720.66,3.4083905,-0.0027084618
134348.37092731832,-1.6160758,11038.256,1.9835272,3.5755208,475239.78,3.3835924,0.004228137
134398.49624060153,-1.6188579,11639.919,1.9819466,3.5774288,471750.44,3.3921168,-0.0008519064
134448.6215538847,-1.585478,10809.328,1.9855701,3.5466492,464643.34,3.3910232,-0.00047976422
134498.74686716794,-1.6112914,10711.757,1.9999466,3.5784733,472162.22,3.4220133,0.00029565892
134548.87218045114,-1.620359,11752.125,1.9862726,3.5335505,464514.25,3.3868144,-0.002063544
134598.99749373432,-1.5972613,10467.417,1.9970694,3.582786,479427.72,3.408411,-0.0076882667
134649.12280701756,-1.6211758,9614.701,1.9651585,3.5637205,468339.84,3.4358375,-0.005718125
134699.24812030076,-1.5903026,11293.673,1.9803969,3.5802212,475776.75,3.4062254,-0.0020371277
134749.37343358397,-1.5965351,12274.498,1.9837732,3.5480247,468667.44,3.406937,0.0012004573
134799.49874686718,-1.6286469,11334.29,1.9852883,3.5448623,465676.44,3.3855405,0.0058572297
134849.62406015038,-1.5999943,12317.228,1.9971565,3.5651457,470193.0,3.4017575,-0.011342055
134899.7493734336,-1.5974698,12474.615,1.985681,3.56588,461238.56,3.3938427,0.0005221298
134949.8746867168,-1.628033,10788.233,1.9985827,3.5493677,465479.5,3.401822,-0.008278535
135000.0,-1.6153034,11513.825,1.9958103,3.5831351,471321.16,3.3709517,0.0020137269
135000.0,-1.6640246,11617.058,1.9957706,3.536028,471525.16,3.3785026,-0.0062118666
